-- MySQL dump 10.13  Distrib 8.0.20, for Win64 (x86_64)
--
-- Host: 127.0.0.1    Database: portal_proveedores
-- ------------------------------------------------------
-- Server version	8.0.20

/*!40101 SET @OLD_CHARACTER_SET_CLIENT=@@CHARACTER_SET_CLIENT */;
/*!40101 SET @OLD_CHARACTER_SET_RESULTS=@@CHARACTER_SET_RESULTS */;
/*!40101 SET @OLD_COLLATION_CONNECTION=@@COLLATION_CONNECTION */;
/*!50503 SET NAMES utf8 */;
/*!40103 SET @OLD_TIME_ZONE=@@TIME_ZONE */;
/*!40103 SET TIME_ZONE='+00:00' */;
/*!40014 SET @OLD_UNIQUE_CHECKS=@@UNIQUE_CHECKS, UNIQUE_CHECKS=0 */;
/*!40014 SET @OLD_FOREIGN_KEY_CHECKS=@@FOREIGN_KEY_CHECKS, FOREIGN_KEY_CHECKS=0 */;
/*!40101 SET @OLD_SQL_MODE=@@SQL_MODE, SQL_MODE='NO_AUTO_VALUE_ON_ZERO' */;
/*!40111 SET @OLD_SQL_NOTES=@@SQL_NOTES, SQL_NOTES=0 */;

--
-- Table structure for table `auth_group`
--

DROP TABLE IF EXISTS `auth_group`;
/*!40101 SET @saved_cs_client     = @@character_set_client */;
/*!50503 SET character_set_client = utf8mb4 */;
CREATE TABLE `auth_group` (
  `id` int NOT NULL AUTO_INCREMENT,
  `name` varchar(150) NOT NULL,
  PRIMARY KEY (`id`),
  UNIQUE KEY `name` (`name`)
) ENGINE=InnoDB DEFAULT CHARSET=utf8mb4 COLLATE=utf8mb4_0900_ai_ci;
/*!40101 SET character_set_client = @saved_cs_client */;

--
-- Dumping data for table `auth_group`
--

LOCK TABLES `auth_group` WRITE;
/*!40000 ALTER TABLE `auth_group` DISABLE KEYS */;
/*!40000 ALTER TABLE `auth_group` ENABLE KEYS */;
UNLOCK TABLES;

--
-- Table structure for table `auth_group_permissions`
--

DROP TABLE IF EXISTS `auth_group_permissions`;
/*!40101 SET @saved_cs_client     = @@character_set_client */;
/*!50503 SET character_set_client = utf8mb4 */;
CREATE TABLE `auth_group_permissions` (
  `id` bigint NOT NULL AUTO_INCREMENT,
  `group_id` int NOT NULL,
  `permission_id` int NOT NULL,
  PRIMARY KEY (`id`),
  UNIQUE KEY `auth_group_permissions_group_id_permission_id_0cd325b0_uniq` (`group_id`,`permission_id`),
  KEY `auth_group_permissio_permission_id_84c5c92e_fk_auth_perm` (`permission_id`),
  CONSTRAINT `auth_group_permissio_permission_id_84c5c92e_fk_auth_perm` FOREIGN KEY (`permission_id`) REFERENCES `auth_permission` (`id`),
  CONSTRAINT `auth_group_permissions_group_id_b120cbf9_fk_auth_group_id` FOREIGN KEY (`group_id`) REFERENCES `auth_group` (`id`)
) ENGINE=InnoDB DEFAULT CHARSET=utf8mb4 COLLATE=utf8mb4_0900_ai_ci;
/*!40101 SET character_set_client = @saved_cs_client */;

--
-- Dumping data for table `auth_group_permissions`
--

LOCK TABLES `auth_group_permissions` WRITE;
/*!40000 ALTER TABLE `auth_group_permissions` DISABLE KEYS */;
/*!40000 ALTER TABLE `auth_group_permissions` ENABLE KEYS */;
UNLOCK TABLES;

--
-- Table structure for table `auth_permission`
--

DROP TABLE IF EXISTS `auth_permission`;
/*!40101 SET @saved_cs_client     = @@character_set_client */;
/*!50503 SET character_set_client = utf8mb4 */;
CREATE TABLE `auth_permission` (
  `id` int NOT NULL AUTO_INCREMENT,
  `name` varchar(255) NOT NULL,
  `content_type_id` int NOT NULL,
  `codename` varchar(100) NOT NULL,
  PRIMARY KEY (`id`),
  UNIQUE KEY `auth_permission_content_type_id_codename_01ab375a_uniq` (`content_type_id`,`codename`),
  CONSTRAINT `auth_permission_content_type_id_2f476e4b_fk_django_co` FOREIGN KEY (`content_type_id`) REFERENCES `django_content_type` (`id`)
) ENGINE=InnoDB AUTO_INCREMENT=65 DEFAULT CHARSET=utf8mb4 COLLATE=utf8mb4_0900_ai_ci;
/*!40101 SET character_set_client = @saved_cs_client */;

--
-- Dumping data for table `auth_permission`
--

LOCK TABLES `auth_permission` WRITE;
/*!40000 ALTER TABLE `auth_permission` DISABLE KEYS */;
INSERT INTO `auth_permission` VALUES (1,'Can add log entry',1,'add_logentry'),(2,'Can change log entry',1,'change_logentry'),(3,'Can delete log entry',1,'delete_logentry'),(4,'Can view log entry',1,'view_logentry'),(5,'Can add permission',2,'add_permission'),(6,'Can change permission',2,'change_permission'),(7,'Can delete permission',2,'delete_permission'),(8,'Can view permission',2,'view_permission'),(9,'Can add group',3,'add_group'),(10,'Can change group',3,'change_group'),(11,'Can delete group',3,'delete_group'),(12,'Can view group',3,'view_group'),(13,'Can add user',4,'add_user'),(14,'Can change user',4,'change_user'),(15,'Can delete user',4,'delete_user'),(16,'Can view user',4,'view_user'),(17,'Can add content type',5,'add_contenttype'),(18,'Can change content type',5,'change_contenttype'),(19,'Can delete content type',5,'delete_contenttype'),(20,'Can view content type',5,'view_contenttype'),(21,'Can add session',6,'add_session'),(22,'Can change session',6,'change_session'),(23,'Can delete session',6,'delete_session'),(24,'Can view session',6,'view_session'),(25,'Can add municipio',7,'add_municipio'),(26,'Can change municipio',7,'change_municipio'),(27,'Can delete municipio',7,'delete_municipio'),(28,'Can view municipio',7,'view_municipio'),(29,'Can add departamento',8,'add_departamento'),(30,'Can change departamento',8,'change_departamento'),(31,'Can delete departamento',8,'delete_departamento'),(32,'Can view departamento',8,'view_departamento'),(33,'Can add actividad_eco_grupo',9,'add_actividad_eco_grupo'),(34,'Can change actividad_eco_grupo',9,'change_actividad_eco_grupo'),(35,'Can delete actividad_eco_grupo',9,'delete_actividad_eco_grupo'),(36,'Can view actividad_eco_grupo',9,'view_actividad_eco_grupo'),(37,'Can add actividad_eco_division',10,'add_actividad_eco_division'),(38,'Can change actividad_eco_division',10,'change_actividad_eco_division'),(39,'Can delete actividad_eco_division',10,'delete_actividad_eco_division'),(40,'Can view actividad_eco_division',10,'view_actividad_eco_division'),(41,'Can add actividad_eco_seccion',11,'add_actividad_eco_seccion'),(42,'Can change actividad_eco_seccion',11,'change_actividad_eco_seccion'),(43,'Can delete actividad_eco_seccion',11,'delete_actividad_eco_seccion'),(44,'Can view actividad_eco_seccion',11,'view_actividad_eco_seccion'),(45,'Can add actividad_eco_clase',12,'add_actividad_eco_clase'),(46,'Can change actividad_eco_clase',12,'change_actividad_eco_clase'),(47,'Can delete actividad_eco_clase',12,'delete_actividad_eco_clase'),(48,'Can view actividad_eco_clase',12,'view_actividad_eco_clase'),(49,'Can add actividad_eco_seccion',13,'add_actividad_eco_seccion'),(50,'Can change actividad_eco_seccion',13,'change_actividad_eco_seccion'),(51,'Can delete actividad_eco_seccion',13,'delete_actividad_eco_seccion'),(52,'Can view actividad_eco_seccion',13,'view_actividad_eco_seccion'),(53,'Can add actividad_eco_division',14,'add_actividad_eco_division'),(54,'Can change actividad_eco_division',14,'change_actividad_eco_division'),(55,'Can delete actividad_eco_division',14,'delete_actividad_eco_division'),(56,'Can view actividad_eco_division',14,'view_actividad_eco_division'),(57,'Can add actividad_eco_grupo',15,'add_actividad_eco_grupo'),(58,'Can change actividad_eco_grupo',15,'change_actividad_eco_grupo'),(59,'Can delete actividad_eco_grupo',15,'delete_actividad_eco_grupo'),(60,'Can view actividad_eco_grupo',15,'view_actividad_eco_grupo'),(61,'Can add actividad_eco_clase',16,'add_actividad_eco_clase'),(62,'Can change actividad_eco_clase',16,'change_actividad_eco_clase'),(63,'Can delete actividad_eco_clase',16,'delete_actividad_eco_clase'),(64,'Can view actividad_eco_clase',16,'view_actividad_eco_clase');
/*!40000 ALTER TABLE `auth_permission` ENABLE KEYS */;
UNLOCK TABLES;

--
-- Table structure for table `auth_user`
--

DROP TABLE IF EXISTS `auth_user`;
/*!40101 SET @saved_cs_client     = @@character_set_client */;
/*!50503 SET character_set_client = utf8mb4 */;
CREATE TABLE `auth_user` (
  `id` int NOT NULL AUTO_INCREMENT,
  `password` varchar(128) NOT NULL,
  `last_login` datetime(6) DEFAULT NULL,
  `is_superuser` tinyint(1) NOT NULL,
  `username` varchar(150) NOT NULL,
  `first_name` varchar(150) NOT NULL,
  `last_name` varchar(150) NOT NULL,
  `email` varchar(254) NOT NULL,
  `is_staff` tinyint(1) NOT NULL,
  `is_active` tinyint(1) NOT NULL,
  `date_joined` datetime(6) NOT NULL,
  PRIMARY KEY (`id`),
  UNIQUE KEY `username` (`username`)
) ENGINE=InnoDB DEFAULT CHARSET=utf8mb4 COLLATE=utf8mb4_0900_ai_ci;
/*!40101 SET character_set_client = @saved_cs_client */;

--
-- Dumping data for table `auth_user`
--

LOCK TABLES `auth_user` WRITE;
/*!40000 ALTER TABLE `auth_user` DISABLE KEYS */;
/*!40000 ALTER TABLE `auth_user` ENABLE KEYS */;
UNLOCK TABLES;

--
-- Table structure for table `auth_user_groups`
--

DROP TABLE IF EXISTS `auth_user_groups`;
/*!40101 SET @saved_cs_client     = @@character_set_client */;
/*!50503 SET character_set_client = utf8mb4 */;
CREATE TABLE `auth_user_groups` (
  `id` bigint NOT NULL AUTO_INCREMENT,
  `user_id` int NOT NULL,
  `group_id` int NOT NULL,
  PRIMARY KEY (`id`),
  UNIQUE KEY `auth_user_groups_user_id_group_id_94350c0c_uniq` (`user_id`,`group_id`),
  KEY `auth_user_groups_group_id_97559544_fk_auth_group_id` (`group_id`),
  CONSTRAINT `auth_user_groups_group_id_97559544_fk_auth_group_id` FOREIGN KEY (`group_id`) REFERENCES `auth_group` (`id`),
  CONSTRAINT `auth_user_groups_user_id_6a12ed8b_fk_auth_user_id` FOREIGN KEY (`user_id`) REFERENCES `auth_user` (`id`)
) ENGINE=InnoDB DEFAULT CHARSET=utf8mb4 COLLATE=utf8mb4_0900_ai_ci;
/*!40101 SET character_set_client = @saved_cs_client */;

--
-- Dumping data for table `auth_user_groups`
--

LOCK TABLES `auth_user_groups` WRITE;
/*!40000 ALTER TABLE `auth_user_groups` DISABLE KEYS */;
/*!40000 ALTER TABLE `auth_user_groups` ENABLE KEYS */;
UNLOCK TABLES;

--
-- Table structure for table `auth_user_user_permissions`
--

DROP TABLE IF EXISTS `auth_user_user_permissions`;
/*!40101 SET @saved_cs_client     = @@character_set_client */;
/*!50503 SET character_set_client = utf8mb4 */;
CREATE TABLE `auth_user_user_permissions` (
  `id` bigint NOT NULL AUTO_INCREMENT,
  `user_id` int NOT NULL,
  `permission_id` int NOT NULL,
  PRIMARY KEY (`id`),
  UNIQUE KEY `auth_user_user_permissions_user_id_permission_id_14a6b632_uniq` (`user_id`,`permission_id`),
  KEY `auth_user_user_permi_permission_id_1fbb5f2c_fk_auth_perm` (`permission_id`),
  CONSTRAINT `auth_user_user_permi_permission_id_1fbb5f2c_fk_auth_perm` FOREIGN KEY (`permission_id`) REFERENCES `auth_permission` (`id`),
  CONSTRAINT `auth_user_user_permissions_user_id_a95ead1b_fk_auth_user_id` FOREIGN KEY (`user_id`) REFERENCES `auth_user` (`id`)
) ENGINE=InnoDB DEFAULT CHARSET=utf8mb4 COLLATE=utf8mb4_0900_ai_ci;
/*!40101 SET character_set_client = @saved_cs_client */;

--
-- Dumping data for table `auth_user_user_permissions`
--

LOCK TABLES `auth_user_user_permissions` WRITE;
/*!40000 ALTER TABLE `auth_user_user_permissions` DISABLE KEYS */;
/*!40000 ALTER TABLE `auth_user_user_permissions` ENABLE KEYS */;
UNLOCK TABLES;

--
-- Table structure for table `django_admin_log`
--

DROP TABLE IF EXISTS `django_admin_log`;
/*!40101 SET @saved_cs_client     = @@character_set_client */;
/*!50503 SET character_set_client = utf8mb4 */;
CREATE TABLE `django_admin_log` (
  `id` int NOT NULL AUTO_INCREMENT,
  `action_time` datetime(6) NOT NULL,
  `object_id` longtext,
  `object_repr` varchar(200) NOT NULL,
  `action_flag` smallint unsigned NOT NULL,
  `change_message` longtext NOT NULL,
  `content_type_id` int DEFAULT NULL,
  `user_id` int NOT NULL,
  PRIMARY KEY (`id`),
  KEY `django_admin_log_content_type_id_c4bce8eb_fk_django_co` (`content_type_id`),
  KEY `django_admin_log_user_id_c564eba6_fk_auth_user_id` (`user_id`),
  CONSTRAINT `django_admin_log_content_type_id_c4bce8eb_fk_django_co` FOREIGN KEY (`content_type_id`) REFERENCES `django_content_type` (`id`),
  CONSTRAINT `django_admin_log_user_id_c564eba6_fk_auth_user_id` FOREIGN KEY (`user_id`) REFERENCES `auth_user` (`id`),
  CONSTRAINT `django_admin_log_chk_1` CHECK ((`action_flag` >= 0))
) ENGINE=InnoDB DEFAULT CHARSET=utf8mb4 COLLATE=utf8mb4_0900_ai_ci;
/*!40101 SET character_set_client = @saved_cs_client */;

--
-- Dumping data for table `django_admin_log`
--

LOCK TABLES `django_admin_log` WRITE;
/*!40000 ALTER TABLE `django_admin_log` DISABLE KEYS */;
/*!40000 ALTER TABLE `django_admin_log` ENABLE KEYS */;
UNLOCK TABLES;

--
-- Table structure for table `django_content_type`
--

DROP TABLE IF EXISTS `django_content_type`;
/*!40101 SET @saved_cs_client     = @@character_set_client */;
/*!50503 SET character_set_client = utf8mb4 */;
CREATE TABLE `django_content_type` (
  `id` int NOT NULL AUTO_INCREMENT,
  `app_label` varchar(100) NOT NULL,
  `model` varchar(100) NOT NULL,
  PRIMARY KEY (`id`),
  UNIQUE KEY `django_content_type_app_label_model_76bd3d3b_uniq` (`app_label`,`model`)
) ENGINE=InnoDB AUTO_INCREMENT=17 DEFAULT CHARSET=utf8mb4 COLLATE=utf8mb4_0900_ai_ci;
/*!40101 SET character_set_client = @saved_cs_client */;

--
-- Dumping data for table `django_content_type`
--

LOCK TABLES `django_content_type` WRITE;
/*!40000 ALTER TABLE `django_content_type` DISABLE KEYS */;
INSERT INTO `django_content_type` VALUES (1,'admin','logentry'),(3,'auth','group'),(2,'auth','permission'),(4,'auth','user'),(5,'contenttypes','contenttype'),(16,'proveedores','actividad_eco_clase'),(14,'proveedores','actividad_eco_division'),(15,'proveedores','actividad_eco_grupo'),(13,'proveedores','actividad_eco_seccion'),(6,'sessions','session'),(12,'users','actividad_eco_clase'),(10,'users','actividad_eco_division'),(9,'users','actividad_eco_grupo'),(11,'users','actividad_eco_seccion'),(8,'users','departamento'),(7,'users','municipio');
/*!40000 ALTER TABLE `django_content_type` ENABLE KEYS */;
UNLOCK TABLES;

--
-- Table structure for table `django_migrations`
--

DROP TABLE IF EXISTS `django_migrations`;
/*!40101 SET @saved_cs_client     = @@character_set_client */;
/*!50503 SET character_set_client = utf8mb4 */;
CREATE TABLE `django_migrations` (
  `id` bigint NOT NULL AUTO_INCREMENT,
  `app` varchar(255) NOT NULL,
  `name` varchar(255) NOT NULL,
  `applied` datetime(6) NOT NULL,
  PRIMARY KEY (`id`)
) ENGINE=InnoDB AUTO_INCREMENT=32 DEFAULT CHARSET=utf8mb4 COLLATE=utf8mb4_0900_ai_ci;
/*!40101 SET character_set_client = @saved_cs_client */;

--
-- Dumping data for table `django_migrations`
--

LOCK TABLES `django_migrations` WRITE;
/*!40000 ALTER TABLE `django_migrations` DISABLE KEYS */;
INSERT INTO `django_migrations` VALUES (1,'contenttypes','0001_initial','2023-11-28 16:04:49.109403'),(2,'auth','0001_initial','2023-11-28 16:04:49.636238'),(3,'admin','0001_initial','2023-11-28 16:04:49.874494'),(4,'admin','0002_logentry_remove_auto_add','2023-11-28 16:04:49.893161'),(5,'admin','0003_logentry_add_action_flag_choices','2023-11-28 16:04:49.905247'),(6,'contenttypes','0002_remove_content_type_name','2023-11-28 16:04:50.037342'),(7,'auth','0002_alter_permission_name_max_length','2023-11-28 16:04:50.106044'),(8,'auth','0003_alter_user_email_max_length','2023-11-28 16:04:50.145454'),(9,'auth','0004_alter_user_username_opts','2023-11-28 16:04:50.191506'),(10,'auth','0005_alter_user_last_login_null','2023-11-28 16:04:50.259654'),(11,'auth','0006_require_contenttypes_0002','2023-11-28 16:04:50.272608'),(12,'auth','0007_alter_validators_add_error_messages','2023-11-28 16:04:50.287514'),(13,'auth','0008_alter_user_username_max_length','2023-11-28 16:04:50.373892'),(14,'auth','0009_alter_user_last_name_max_length','2023-11-28 16:04:50.439671'),(15,'auth','0010_alter_group_name_max_length','2023-11-28 16:04:50.479037'),(16,'auth','0011_update_proxy_permissions','2023-11-28 16:04:50.490657'),(17,'auth','0012_alter_user_first_name_max_length','2023-11-28 16:04:50.580121'),(18,'sessions','0001_initial','2023-11-28 16:04:50.620844'),(19,'users','0001_initial','2023-11-29 15:33:57.717232'),(20,'users','0002_alter_municipio_codigo','2023-11-29 16:04:00.457923'),(21,'users','0003_actividad_eco_seccion_actividad_eco_grupo_and_more','2023-11-30 15:28:58.885756'),(22,'users','0004_remove_actividad_eco_grupo_seccion_id_and_more','2023-11-30 16:01:06.124006'),(23,'users','0005_actividad_eco_division_actividad_eco_seccion_and_more','2023-11-30 16:02:54.458307'),(24,'users','0006_alter_actividad_eco_clase_descripcion_and_more','2023-11-30 16:06:47.941784'),(25,'users','0007_alter_actividad_eco_clase_descripcion_and_more','2023-11-30 16:14:45.235097'),(26,'proveedores','0001_initial','2023-11-30 16:33:33.194990'),(27,'users','0008_remove_actividad_eco_division_seccion_id_and_more','2023-11-30 16:33:36.905668'),(28,'proveedores','0002_alter_actividad_eco_division_descripcion','2023-11-30 16:53:52.904814'),(29,'proveedores','0003_alter_actividad_eco_clase_descripcion_and_more','2023-11-30 16:56:35.422013'),(30,'proveedores','0004_alter_actividad_eco_clase_descripcion_and_more','2023-12-01 12:53:32.019008'),(31,'proveedores','0005_alter_actividad_eco_clase_descripcion_and_more','2023-12-01 12:55:42.894696');
/*!40000 ALTER TABLE `django_migrations` ENABLE KEYS */;
UNLOCK TABLES;

--
-- Table structure for table `django_session`
--

DROP TABLE IF EXISTS `django_session`;
/*!40101 SET @saved_cs_client     = @@character_set_client */;
/*!50503 SET character_set_client = utf8mb4 */;
CREATE TABLE `django_session` (
  `session_key` varchar(40) NOT NULL,
  `session_data` longtext NOT NULL,
  `expire_date` datetime(6) NOT NULL,
  PRIMARY KEY (`session_key`),
  KEY `django_session_expire_date_a5c62663` (`expire_date`)
) ENGINE=InnoDB DEFAULT CHARSET=utf8mb4 COLLATE=utf8mb4_0900_ai_ci;
/*!40101 SET character_set_client = @saved_cs_client */;

--
-- Dumping data for table `django_session`
--

LOCK TABLES `django_session` WRITE;
/*!40000 ALTER TABLE `django_session` DISABLE KEYS */;
/*!40000 ALTER TABLE `django_session` ENABLE KEYS */;
UNLOCK TABLES;

--
-- Table structure for table `proveedores_actividad_eco_clase`
--

DROP TABLE IF EXISTS `proveedores_actividad_eco_clase`;
/*!40101 SET @saved_cs_client     = @@character_set_client */;
/*!50503 SET character_set_client = utf8mb4 */;
CREATE TABLE `proveedores_actividad_eco_clase` (
  `codigo` varchar(5) NOT NULL,
  `descripcion` varchar(300) NOT NULL,
  `grupo_id` varchar(4) NOT NULL,
  PRIMARY KEY (`codigo`),
  KEY `proveedores_activida_grupo_id_374c9fb8_fk_proveedor` (`grupo_id`),
  CONSTRAINT `proveedores_activida_grupo_id_374c9fb8_fk_proveedor` FOREIGN KEY (`grupo_id`) REFERENCES `proveedores_actividad_eco_grupo` (`codigo`)
) ENGINE=InnoDB DEFAULT CHARSET=utf8mb4 COLLATE=utf8mb4_0900_ai_ci;
/*!40101 SET character_set_client = @saved_cs_client */;

--
-- Dumping data for table `proveedores_actividad_eco_clase`
--

LOCK TABLES `proveedores_actividad_eco_clase` WRITE;
/*!40000 ALTER TABLE `proveedores_actividad_eco_clase` DISABLE KEYS */;
INSERT INTO `proveedores_actividad_eco_clase` VALUES ('0111','Cultivo de cereales (excepto arroz), legumbres y semillas oleaginosas ','011'),('0112','Cultivo de arroz ','011'),('0113','Cultivo de hortalizas, raíces y tubérculos ','011'),('0114','Cultivo de tabaco ','011'),('0115','Cultivo de plantas textiles ','011'),('0119','Otros cultivos transitorios n.c.p.','011'),('0121','Cultivo de frutas tropicales y subtropicales','012'),('0122','Cultivo de plátano y banano','012'),('0123','Cultivo de café','012'),('0124','Cultivo de caña de azúcar','012'),('0125','Cultivo de flor de corte','012'),('0126','Cultivo de palma para aceite (palma africana) y otros frutos oleaginosos','012'),('0127','Cultivo de plantas con las que se preparan bebidas','012'),('0128','Cultivo de especias y de plantas aromáticas y medicinales ','012'),('0129','Otros cultivos permanentes n.c.p.','012'),('0130','Propagación de plantas (actividades de los viveros, excepto viveros forestales) ','013'),('0141','Cría de ganado bovino y bufalino','014'),('0142','Cría de caballos y otros equinos ','014'),('0143','Cría de ovejas y cabras ','014'),('0144','Cría de ganado porcino','014'),('0145','Cría de aves de corral','014'),('0149','Cría de otros animales n.c.p.','014'),('0150','Explotación mixta (agrícola y pecuaria) ','015'),('0161','Actividades de apoyo a la agricultura ','016'),('0162','Actividades de apoyo a la ganadería','016'),('0163','Actividades posteriores a la cosecha ','016'),('0164','Tratamiento de semillas para propagación ','016'),('0170','Caza ordinaria y mediante trampas y actividades de servicios conexas ','017'),('0210','Silvicultura y otras actividades forestales','021'),('0220','Extracción de madera ','022'),('0230','Recolección de productos forestales diferentes a la madera','023'),('0240','Servicios de apoyo a la silvicultura ','024'),('0311','Pesca marítima ','031'),('0312','Pesca de agua dulce ','031'),('0321','Acuicultura marítima ','032'),('0322','Acuicultura de agua dulce','032'),('0510','Extracción de hulla (carbón de piedra)','051'),('0520','Extracción de carbón lignito','052'),('0610','Extracción de petróleo crudo','061'),('0620','Extracción de gas natural','062'),('0710','Extracción de minerales de hierro','071'),('0721','Extracción de minerales de uranio y de torio','072'),('0722','Extracción de oro y otros metales preciosos','072'),('0723','Extracción de minerales de níquel','072'),('0729','Extracción de otros minerales metalíferos no ferrosos n.c.p.','072'),('0811','Extracción de piedra, arena, arcillas comunes, yeso y anhidrita','081'),('0812','Extracción de arcillas de uso industrial, caliza, caolín y bentonitas','081'),('0820','Extracción de esmeraldas, piedras preciosas y semipreciosas','082'),('0891','Extracción de minerales para la fabricación de abonos y productos químicos','089'),('0892','Extracción de halita (sal)','089'),('0899','Extracción de otros minerales no metálicos n.c.p.','089'),('0910','Actividades de apoyo para la extracción de petróleo y de gas natural','091'),('0990','Actividades de apoyo para otras actividades de explotación de minas y canteras','099'),('1011','Procesamiento y conservación de carne y productos cárnicos','101'),('1012','Procesamiento y conservación de pescados, crustáceos y moluscos','101'),('1020','Procesamiento y conservación de frutas, legumbres, hortalizas y tubérculos','102'),('1030','Elaboración de aceites y grasas de origen vegetal y animal','103'),('1040','Elaboración de productos lácteos','104'),('1051','Elaboración de productos de molinería','105'),('1052','Elaboración de almidones y productos derivados del almidón','105'),('1061','Trilla de café','106'),('1062','Descafeinado, tostión y molienda del café','106'),('1063','Otros derivados del café','106'),('1071','Elaboración y refinación de azúcar','107'),('1072','Elaboración de panela','107'),('1081','Elaboración de productos de panadería','108'),('1082','Elaboración de cacao, chocolate y productos de confitería','108'),('1083','Elaboración de macarrones, fideos, alcuzcuz y productos farináceos similares','108'),('1084','Elaboración de comidas y platos preparados','108'),('1089','Elaboración de otros productos alimenticios n.c.p.','108'),('1090','Elaboración de alimentos preparados para animales','109'),('1101','Destilación, rectificación y mezcla de bebidas alcohólicas','110'),('1102','Elaboración de bebidas fermentadas no destiladas','110'),('1103','Producción de malta, elaboración de cervezas y otras bebidas malteadas','110'),('1104','Elaboración de bebidas no alcohólicas, producción de aguas minerales y de otras aguas embotelladas','110'),('1200','Elaboración de productos de tabaco','120'),('1311','Preparación e hilatura de fibras textiles','131'),('1312','Tejeduría de productos textiles','131'),('1313','Acabado de productos textiles','131'),('1391','Fabricación de tejidos de punto y ganchillo','139'),('1392','Confección de artículos con materiales textiles, excepto prendas de vestir','139'),('1393','Fabricación de tapetes y alfombras para pisos','139'),('1394','Fabricación de cuerdas, cordeles, cables, bramantes y redes','139'),('1399','Fabricación de otros artículos textiles n.c.p.','139'),('1410','Confección de prendas de vestir, excepto prendas de piel','141'),('1420','Fabricación de artículos de piel','142'),('1430','Fabricación de artículos de punto y ganchillo','143'),('1511','Curtido y recurtido de cueros; recurtido y teñido de pieles','151'),('1512','Fabricación de artículos de viaje, bolsos de mano y artículos similares elaborados en cuero, y fabricación de artículos de talabartería y guarnicionería','151'),('1513','Fabricación de artículos de viaje, bolsos de mano y artículos similares; artículos de talabartería y guarnicionería elaborados en otros materiales','151'),('1521','Fabricación de calzado de cuero y piel, con cualquier tipo de suela','152'),('1522','Fabricación de otros tipos de calzado, excepto calzado de cuero y piel','152'),('1523','Fabricación de partes del calzado','152'),('1610','Aserrado, acepillado e impregnación de la madera','161'),('1620','Fabricación de hojas de madera para enchapado; fabricación de tableros contrachapados, tableros laminados, tableros de partículas y otros tableros y paneles','162'),('1630','Fabricación de partes y piezas de madera, de carpintería y ebanistería para la construcción','163'),('1640','Fabricación de recipientes de madera','164'),('1690','Fabricación de otros productos de madera; fabricación de artículos de corcho, cestería y espartería','169'),('1701','Fabricación de pulpas (pastas) celulósicas; papel y cartón','170'),('1702','Fabricación de papel y cartón ondulado (corrugado); fabricación de envases, empaques y de embalajes de papel y cartón.','170'),('1709','Fabricación de otros artículos de papel y cartón','170'),('1811','Actividades de impresión','181'),('1812','Actividades de servicios relacionados con la impresión','181'),('1820','Producción de copias a partir de grabaciones originales ','182'),('1910','Fabricación de productos de hornos de coque','191'),('1921','Fabricación de productos de la refinación del petróleo','192'),('1922','Actividad de mezcla de combustibles','192'),('2011','Fabricación de sustancias y productos químicos básicos','201'),('2012','Fabricación de abonos y compuestos inorgánicos nitrogenados','201'),('2013','Fabricación de plásticos en formas primarias','201'),('2014','Fabricación de caucho sintético en formas primarias','201'),('2021','Fabricación de plaguicidas y otros productos químicos de uso agropecuario','202'),('2022','Fabricación de pinturas, barnices y revestimientos similares, tintas para impresión y masillas','202'),('2023','Fabricación de jabones y detergentes, preparados para limpiar y pulir; perfumes y preparados de tocador','202'),('2029','Fabricación de otros productos químicos n.c.p.','202'),('2030','Fabricación de fibras sintéticas y artificiales','203'),('2100','Fabricación de productos farmacéuticos, sustancias químicas medicinales y productos botánicos de uso farmacéutico','210'),('2211','Fabricación de llantas y neumáticos de caucho','221'),('2212','Reencauche de llantas usadas','221'),('2219','Fabricación de formas básicas de caucho y otros productos de caucho n.c.p.','221'),('2221','Fabricación de formas básicas de plástico','222'),('2229','Fabricación de artículos de plástico n.c.p.','222'),('2310','Fabricación de vidrio y productos de vidrio','231'),('2391','Fabricación de productos refractarios','239'),('2392','Fabricación de materiales de arcilla para la construcción','239'),('2393','Fabricación de otros productos de cerámica y porcelana','239'),('2394','Fabricación de cemento, cal y yeso','239'),('2395','Fabricación de artículos de hormigón, cemento y yeso','239'),('2396','Corte, tallado y acabado de la piedra','239'),('2399','Fabricación de otros productos minerales no metálicos n.c.p.','239'),('2410','Industrias básicas de hierro y de acero','241'),('2421','Industrias básicas de metales preciosos','242'),('2429','Industrias básicas de otros metales no ferrosos','242'),('2431','Fundición de hierro y de acero','243'),('2432','Fundición de metales no ferrosos ','243'),('2511','Fabricación de productos metálicos para uso estructural','251'),('2512','Fabricación de tanques, depósitos y recipientes de metal, excepto los utilizados para el envase o transporte de mercancías','251'),('2513','Fabricación de generadores de vapor, excepto calderas de agua caliente para calefacción central','251'),('2520','Fabricación de armas y municiones','252'),('2591','Forja, prensado, estampado y laminado de metal; pulvimetalurgia','259'),('2592','Tratamiento y revestimiento de metales; mecanizado','259'),('2593','Fabricación de artículos de cuchillería, herramientas de mano y artículos de ferretería','259'),('2599','Fabricación de otros productos elaborados de metal n.c.p.','259'),('2610','Fabricación de componentes y tableros electrónicos','261'),('2620','Fabricación de computadoras y de equipo periférico','262'),('2630','Fabricación de equipos de comunicación','263'),('2640','Fabricación de aparatos electrónicos de consumo','264'),('2651','Fabricación de equipo de medición, prueba, navegación y control','265'),('2652','Fabricación de relojes','265'),('2660','Fabricación de equipo de irradiación y equipo electrónico de uso médico y terapéutico','266'),('2670','Fabricación de instrumentos ópticos y equipo fotográfico','267'),('2680','Fabricación de medios magnéticos y ópticos para almacenamiento de datos','268'),('2711','Fabricación de motores, generadores y transformadores eléctricos','271'),('2712','Fabricación de aparatos de distribución y control de la energía eléctrica','271'),('2720','Fabricación de pilas, baterías y acumuladores eléctricos','272'),('2731','Fabricación de hilos y cables eléctricos y de fibra óptica','273'),('2732','Fabricación de dispositivos de cableado','273'),('2740','Fabricación de equipos eléctricos de iluminación','274'),('2750','Fabricación de aparatos de uso doméstico','275'),('2790','Fabricación de otros tipos de equipo eléctrico n.c.p.','279'),('2811','Fabricación de motores, turbinas, y partes para motores de combustión interna','281'),('2812','Fabricación de equipos de potencia hidráulica y neumática','281'),('2813','Fabricación de otras bombas, compresores, grifos y válvulas','281'),('2814','Fabricación de cojinetes, engranajes, trenes de engranajes y piezas de transmisión','281'),('2815','Fabricación de hornos, hogares y quemadores industriales','281'),('2816','Fabricación de equipo de elevación y manipulación','281'),('2817','Fabricación de maquinaria y equipo de oficina (excepto computadoras y equipo periférico)','281'),('2818','Fabricación de herramientas manuales con motor','281'),('2819','Fabricación de otros tipos de maquinaria y equipo de uso general n.c.p.','281'),('2821','Fabricación de maquinaria agropecuaria y forestal','282'),('2822','Fabricación de máquinas formadoras de metal y de máquinas herramienta','282'),('2823','Fabricación de maquinaria para la metalurgia','282'),('2824','Fabricación de maquinaria para explotación de minas y canteras y para obras de construcción','282'),('2825','Fabricación de maquinaria para la elaboración de alimentos, bebidas y tabaco','282'),('2826','Fabricación de maquinaria para la elaboración de productos textiles, prendas de vestir y cueros','282'),('2829','Fabricación de otros tipos de maquinaria y equipo de uso especial n.c.p.','282'),('2910','Fabricación de vehículos automotores y sus motores','291'),('2920','Fabricación de carrocerías para vehículos automotores; fabricación de remolques y semirremolques ','292'),('2930','Fabricación de partes, piezas (autopartes) y accesorios (lujos) para vehículos automotores','293'),('3011','Construcción de barcos y de estructuras flotantes','301'),('3012','Construcción de embarcaciones de recreo y deporte','301'),('3020','Fabricación de locomotoras y de material rodante para ferrocarriles','302'),('3030','Fabricación de aeronaves, naves espaciales y de maquinaria conexa','303'),('3040','Fabricación de vehículos militares de combate','304'),('3091','Fabricación de motocicletas','309'),('3092','Fabricación de bicicletas y de sillas de ruedas para personas con discapacidad','309'),('3099','Fabricación de otros tipos de equipo de transporte n.c.p.','309'),('3110','Fabricación de muebles ','311'),('3120','Fabricación de colchones y somieres','312'),('3210','Fabricación de joyas, bisutería y artículos conexos','321'),('3220','Fabricación de instrumentos musicales','322'),('3230','Fabricación de artículos y equipo para la práctica del deporte','323'),('3240','Fabricación de juegos, juguetes y rompecabezas','324'),('3250','Fabricación de instrumentos, aparatos y materiales médicos y odontológicos (incluido mobiliario)','325'),('3290','Otras industrias manufactureras n.c.p.','329'),('3311','Mantenimiento y reparación especializado de productos elaborados en metal','331'),('3312','Mantenimiento y reparación especializado de maquinaria y equipo','331'),('3313','Mantenimiento y reparación especializado de equipo electrónico y óptico','331'),('3314','Mantenimiento y reparación especializado de equipo eléctrico','331'),('3315','Mantenimiento y reparación especializado de equipo de transporte, excepto los vehículos automotores, motocicletas y bicicletas','331'),('3319','Mantenimiento y reparación de otros tipos de equipos y sus componentes n.c.p.','331'),('3320','Instalación especializada de maquinaria y equipo industrial ','332'),('3511','Generación de energía eléctrica','351'),('3512','Transmisión de energía eléctrica','351'),('3513','Distribución de energía eléctrica','351'),('3514','Comercialización de energía eléctrica','351'),('3520','Producción de gas; distribución de combustibles gaseosos por tuberías','352'),('3530','Suministro de vapor y aire acondicionado','353'),('3600','Captación, tratamiento y distribución de agua','360'),('3700','Evacuación y tratamiento de aguas residuales','370'),('3811','Recolección de desechos no peligrosos','381'),('3812','Recolección de desechos peligrosos','381'),('3821','Tratamiento y disposición de desechos no peligrosos','382'),('3822','Tratamiento y disposición de desechos peligrosos','382'),('3830','Recuperación de materiales','383'),('3900','Actividades de saneamiento ambiental y otros servicios de gestión de desechos','390'),('4111','Construcción de edificios residenciales','411'),('4112','Construcción de edificios no residenciales','411'),('4210','Construcción de carreteras y vías de ferrocarril','421'),('4220','Construcción de proyectos de servicio público','422'),('4290','Construcción de otras obras de ingeniería civil','429'),('4311','Demolición','431'),('4312','Preparación del terreno','431'),('4321','Instalaciones eléctricas','432'),('4322','Instalaciones de fontanería, calefacción y aire acondicionado','432'),('4329','Otras instalaciones especializadas','432'),('4330','Terminación y acabado de edificios y obras de ingeniería civil','433'),('4390','Otras actividades especializadas para la construcción de edificios y obras de ingeniería civil','439'),('4511','Comercio de vehículos automotores nuevos','451'),('4512','Comercio de vehículos automotores usados','451'),('4520','Mantenimiento y reparación de vehículos automotores','452'),('4530','Comercio de partes, piezas (autopartes) y accesorios (lujos) para vehículos automotores','453'),('4541','Comercio de motocicletas y de sus partes, piezas y accesorios','454'),('4542','Mantenimiento y reparación de motocicletas y de sus partes y piezas','454'),('4610','Comercio al por mayor a cambio de una retribución o por contrata','461'),('4620','Comercio al por mayor de materias primas agropecuarias; animales vivos','462'),('4631','Comercio al por mayor de productos alimenticios','463'),('4632','Comercio al por mayor de bebidas y tabaco','463'),('4641','Comercio al por mayor de productos textiles, productos confeccionados para uso doméstico','464'),('4642','Comercio al por mayor de prendas de vestir','464'),('4643','Comercio al por mayor de calzado','464'),('4644','Comercio al por mayor de aparatos y equipo de uso doméstico','464'),('4645','Comercio al por mayor de productos farmacéuticos, medicinales, cosméticos y de tocador','464'),('4649','Comercio al por mayor de otros utensilios domésticos n.c.p.','464'),('4651','Comercio al por mayor de computadores, equipo periférico y programas de informática','465'),('4652','Comercio al por mayor de equipo, partes y piezas electrónicos y de telecomunicaciones','465'),('4653','Comercio al por mayor de maquinaria y equipo agropecuarios','465'),('4659','Comercio al por mayor de otros tipos de maquinaria y equipo n.c.p.','465'),('4661','Comercio al por mayor de combustibles sólidos, líquidos, gaseosos y productos conexos','466'),('4662','Comercio al por mayor de metales y productos metalíferos','466'),('4663','Comercio al por mayor de materiales de construcción, artículos de ferretería, pinturas, productos de vidrio, equipo y materiales de fontanería y calefacción','466'),('4664','Comercio al por mayor de productos químicos básicos, cauchos y plásticos en formas primarias y productos químicos de uso agropecuario','466'),('4665','Comercio al por mayor de desperdicios, desechos y chatarra','466'),('4669','Comercio al por mayor de otros productos n.c.p.','466'),('4690','Comercio al por mayor no especializado','469'),('4711','Comercio al por menor en establecimientos no especializados con surtido compuesto principalmente por alimentos, bebidas o tabaco','471'),('4719','Comercio al por menor en establecimientos no especializados, con surtido compuesto principalmente por productos diferentes de alimentos (víveres en general), bebidas y tabaco','471'),('4721','Comercio al por menor de productos agrícolas para el consumo en establecimientos especializados','472'),('4722','Comercio al por menor de leche, productos lácteos y huevos, en establecimientos especializados','472'),('4723','Comercio al por menor de carnes (incluye aves de corral), productos cárnicos, pescados y productos de mar, en establecimientos especializados','472'),('4724','Comercio al por menor de bebidas y productos del tabaco, en establecimientos especializados','472'),('4729','Comercio al por menor de otros productos alimenticios n.c.p., en establecimientos especializados','472'),('4731','Comercio al por menor de combustible para automotores','473'),('4732','Comercio al por menor de lubricantes (aceites, grasas), aditivos y productos de limpieza para vehículos automotores','473'),('4741','Comercio al por menor de computadores, equipos periféricos, programas de informática y equipos de telecomunicaciones en establecimientos especializados','474'),('4742','Comercio al por menor de equipos y aparatos de sonido y de video, en establecimientos especializados','474'),('4751','Comercio al por menor de productos textiles en establecimientos especializados','475'),('4752','Comercio al por menor de artículos de ferretería, pinturas y productos de vidrio en establecimientos especializados','475'),('4753','Comercio al por menor de tapices, alfombras y cubrimientos para paredes y pisos en establecimientos especializados','475'),('4754','Comercio al por menor de electrodomésticos y gasodomésticos de uso doméstico, muebles y equipos de iluminación','475'),('4755','Comercio al por menor de artículos y utensilios de uso doméstico','475'),('4759','Comercio al por menor de otros artículos domésticos en establecimientos especializados','475'),('4761','Comercio al por menor de libros, periódicos, materiales y artículos de papelería y escritorio, en establecimientos especializados','476'),('4762','Comercio al por menor de artículos deportivos, en establecimientos especializados ','476'),('4769','Comercio al por menor de otros artículos culturales y de entretenimiento n.c.p. en establecimientos especializados','476'),('4771','Comercio al por menor de prendas de vestir y sus accesorios (incluye artículos de piel) en establecimientos especializados','477'),('4772','Comercio al por menor de todo tipo de calzado y artículos de cuero y sucedáneos del cuero en establecimientos especializados.','477'),('4773','Comercio al por menor de productos farmacéuticos y medicinales, cosméticos y artículos de tocador en establecimientos especializados','477'),('4774','Comercio al por menor de otros productos nuevos en establecimientos especializados','477'),('4775','Comercio al por menor de artículos de segunda mano','477'),('4781','Comercio al por menor de alimentos, bebidas y tabaco, en puestos de venta móviles','478'),('4782','Comercio al por menor de productos textiles, prendas de vestir y calzado, en puestos de venta móviles','478'),('4789','Comercio al por menor de otros productos en puestos de venta móviles','478'),('4791','Comercio al por menor realizado a través de Internet','479'),('4792','Comercio al por menor realizado a través de casas de venta o por correo','479'),('4799','Otros tipos de comercio al por menor no realizado en establecimientos, puestos de venta o mercados.','479'),('4911','Transporte férreo de pasajeros','491'),('4912','Transporte férreo de carga ','491'),('4921','Transporte de pasajeros','492'),('4922','Transporte mixto','492'),('4923','Transporte de carga por carretera','492'),('4930','Transporte por tuberías','493'),('5011','Transporte de pasajeros marítimo y de cabotaje ','501'),('5012','Transporte de carga marítimo y de cabotaje ','501'),('5021','Transporte fluvial de pasajeros','502'),('5022','Transporte fluvial de carga','502'),('5111','Transporte aéreo nacional de pasajeros ','511'),('5112','Transporte aéreo internacional de pasajeros ','511'),('5121','Transporte aéreo nacional de carga ','512'),('5122','Transporte aéreo internacional de carga ','512'),('5210','Almacenamiento y depósito','521'),('5221','Actividades de estaciones, vías y servicios complementarios para el transporte terrestre','522'),('5222','Actividades de puertos y servicios complementarios para el transporte acuático','522'),('5223','Actividades de aeropuertos, servicios de navegación aérea y demás actividades conexas al transporte aéreo','522'),('5224','Manipulación de carga','522'),('5229','Otras actividades complementarias al transporte','522'),('5310','Actividades postales nacionales','531'),('5320','Actividades de mensajería','532'),('5511','Alojamiento en hoteles ','551'),('5512','Alojamiento en apartahoteles','551'),('5513','Alojamiento en centros vacacionales ','551'),('5514','Alojamiento rural','551'),('5519','Otros tipos de alojamientos para visitantes','551'),('5520','Actividades de zonas de camping y parques para vehículos recreacionales','552'),('5530','Servicio por horas ','553'),('5590','Otros tipos de alojamiento n.c.p.','559'),('5611','Expendio a la mesa de comidas preparadas','561'),('5612','Expendio por autoservicio de comidas preparadas','561'),('5613','Expendio de comidas preparadas en cafeterías','561'),('5619','Otros tipos de expendio de comidas preparadas n.c.p.','561'),('5621','Catering para eventos','562'),('5629','Actividades de otros servicios de comidas','562'),('5630','Expendio de bebidas alcohólicas para el consumo dentro del establecimiento','563'),('5811','Edición de libros','581'),('5812','Edición de directorios y listas de correo','581'),('5813','Edición de periódicos, revistas y otras publicaciones periódicas','581'),('5819','Otros trabajos de edición','581'),('5820','Edición de programas de informática (software)','582'),('5911','Actividades de producción de películas cinematográficas, videos, programas, anuncios y comerciales de televisión','591'),('5912','Actividades de posproducción de películas cinematográficas, videos, programas, anuncios y comerciales de televisión','591'),('5913','Actividades de distribución de películas cinematográficas, videos, programas, anuncios y comerciales de televisión','591'),('5914','Actividades de exhibición de películas cinematográficas y videos','591'),('5920','Actividades de grabación de sonido y edición de música','592'),('6010','Actividades de programación y transmisión en el servicio de radiodifusión sonora','601'),('6020','Actividades de programación y transmisión de televisión','602'),('6110','Actividades de telecomunicaciones alámbricas','611'),('6120','Actividades de telecomunicaciones inalámbricas','612'),('6130','Actividades de telecomunicación satelital','613'),('6190','Otras actividades de telecomunicaciones','619'),('6201','Actividades de desarrollo de sistemas informáticos (planificación, análisis, diseño, programación, pruebas)','620'),('6202','Actividades de consultoría informática y actividades de administración de instalaciones informáticas','620'),('6209','Otras actividades de tecnologías de información y actividades de servicios informáticos','620'),('6311','Procesamiento de datos, alojamiento (hosting) y actividades relacionadas','631'),('6312','Portales web','631'),('6391','Actividades de agencias de noticias','639'),('6399','Otras actividades de servicio de información n.c.p.','639'),('6411','Banco Central','641'),('6412','Bancos comerciales','641'),('6421','Actividades de las corporaciones financieras','642'),('6422','Actividades de las compañías de financiamiento','642'),('6423','Banca de segundo piso','642'),('6424','Actividades de las cooperativas financieras','642'),('6431','Fideicomisos, fondos y entidades financieras similares','643'),('6432','Fondos de cesantías','643'),('6491','Leasing financiero (arrendamiento financiero)','649'),('6492','Actividades financieras de fondos de empleados y otras formas asociativas del sector solidario','649'),('6493','Actividades de compra de cartera o factoring','649'),('6494','Otras actividades de distribución de fondos','649'),('6495','Instituciones especiales oficiales','649'),('6499','Otras actividades de servicio financiero, excepto las de seguros y pensiones n.c.p.','649'),('6511','Seguros generales ','651'),('6512','Seguros de vida','651'),('6513','Reaseguros','651'),('6514','Capitalización','651'),('6521','Servicios de seguros sociales de salud','652'),('6522','Servicios de seguros sociales de riesgos profesionales','652'),('6531','Régimen de prima media con prestación definida (RPM)','653'),('6532','Régimen de ahorro individual (RAI)','653'),('6611','Administración de mercados financieros','661'),('6612','Corretaje de valores y de contratos de productos básicos','661'),('6613','Otras actividades relacionadas con el mercado de valores','661'),('6614','Actividades de las casas de cambio','661'),('6615','Actividades de los profesionales de compra y venta de divisas','661'),('6619','Otras actividades auxiliares de las actividades de servicios financieros n.c.p.','661'),('6621','Actividades de agentes y corredores de seguros','662'),('6629','Evaluación de riesgos y daños, y otras actividades de servicios auxiliares','662'),('6630','Actividades de administración de fondos','663'),('6810','Actividades inmobiliarias realizadas con bienes propios o arrendados','681'),('6820','Actividades inmobiliarias realizadas a cambio de una retribución o por contrata ','682'),('6910','Actividades jurídicas','691'),('6920','Actividades de contabilidad, teneduría de libros, auditoría financiera y asesoría tributaria','692'),('7010','Actividades de administración empresarial','701'),('7020','Actividades de consultaría de gestión','702'),('7110','Actividades de arquitectura e ingeniería y otras actividades conexas de consultoría técnica','711'),('7120','Ensayos y análisis técnicos','712'),('7210','Investigaciones y desarrollo experimental en el campo de las ciencias naturales y la ingeniería ','721'),('7220','Investigaciones y desarrollo experimental en el campo de las ciencias sociales y las humanidades','722'),('7310','Publicidad','731'),('7320','Estudios de mercado y realización de encuestas de opinión pública','732'),('7410','Actividades especializadas de diseño ','741'),('7420','Actividades de fotografía','742'),('7490','Otras actividades profesionales, científicas y técnicas n.c.p.','749'),('7500','Actividades veterinarias','750'),('7710','Alquiler y arrendamiento de vehículos automotores','771'),('7721','Alquiler y arrendamiento de equipo recreativo y deportivo','772'),('7722','Alquiler de videos y discos ','772'),('7729','Alquiler y arrendamiento de otros efectos personales y enseres domésticos n.c.p.','772'),('7730','Alquiler y arrendamiento de otros tipos de maquinaria, equipo y bienes tangibles n.c.p.','773'),('7740','Arrendamiento de propiedad intelectual y productos similares, excepto obras protegidas por derechos de autor','774'),('7810','Actividades de agencias de empleo','781'),('7820','Actividades de agencias de empleo temporal','782'),('7830','Otras actividades de suministro de recurso humano','783'),('7911','Actividades de las agencias de viaje','791'),('7912','Actividades de operadores turísticos','791'),('7990','Otros servicios de reserva y actividades relacionadas','799'),('8010','Actividades de seguridad privada','801'),('8020','Actividades de servicios de sistemas de seguridad','802'),('8030','Actividades de detectives e investigadores privados','803'),('8110','Actividades combinadas de apoyo a instalaciones','811'),('8121','Limpieza general interior de edificios','812'),('8129','Otras actividades de limpieza de edificios e instalaciones industriales','812'),('8130','Actividades de paisajismo y servicios de mantenimiento conexos','813'),('8211','Actividades combinadas de servicios administrativos de oficina','821'),('8219','Fotocopiado, preparación de documentos y otras actividades especializadas de apoyo a oficina','821'),('8220','Actividades de centros de llamadas (Call center)','822'),('8230','Organización de convenciones y eventos comerciales','823'),('8291','Actividades de agencias de cobranza y oficinas de calificación crediticia','829'),('8292','Actividades de envase y empaque','829'),('8299','Otras actividades de servicio de apoyo a las empresas n.c.p.','829'),('8411','Actividades legislativas de la administración pública','841'),('8412','Actividades ejecutivas de la administración pública','841'),('8413','Regulación de las actividades de organismos que prestan servicios de salud, educativos, culturales y otros servicios sociales, excepto servicios de seguridad social ','841'),('8414','Actividades reguladoras y facilitadoras de la actividad económica','841'),('8415','Actividades de los otros órganos de control','841'),('8421','Relaciones exteriores ','842'),('8422','Actividades de defensa','842'),('8423','Orden público y actividades de seguridad','842'),('8424','Administración de justicia','842'),('8430','Actividades de planes de seguridad social de afiliación obligatoria','843'),('8511','Educación de la primera infancia','851'),('8512','Educación preescolar','851'),('8513','Educación básica primaria','851'),('8521','Educación básica secundaria ','852'),('8522','Educación media académica','852'),('8523','Educación media técnica y de formación laboral','852'),('8530','Establecimientos que combinan diferentes niveles de educación ','853'),('8541','Educación técnica profesional','854'),('8542','Educación tecnológica','854'),('8543','Educación de instituciones universitarias o de escuelas tecnológicas','854'),('8544','Educación de universidades','854'),('8551','Formación académica no formal ','855'),('8552','Enseñanza deportiva y recreativa','855'),('8553','Enseñanza cultural','855'),('8559','Otros tipos de educación n.c.p.','855'),('8560','Actividades de apoyo a la educación','856'),('8610','Actividades de hospitales y clínicas, con internación','861'),('8621','Actividades de la práctica médica, sin internación','862'),('8622','Actividades de la práctica odontológica','862'),('8691','Actividades de apoyo diagnóstico','869'),('8692','Actividades de apoyo terapéutico','869'),('8699','Otras actividades de atención de la salud humana','869'),('8710','Actividades de atención residencial medicalizada de tipo general','871'),('8720','Actividades de atención residencial, para el cuidado de pacientes con retardo mental, enfermedad mental y consumo de sustancias psicoactivas','872'),('8730','Actividades de atención en instituciones para el cuidado de personas mayores y/o discapacitadas','873'),('8790','Otras actividades de atención en instituciones con alojamiento','879'),('8810','Actividades de asistencia social sin alojamiento para personas mayores y discapacitadas','881'),('8890','Otras actividades de asistencia social sin alojamiento','889'),('9001','Creación literaria','900'),('9002','Creación musical','900'),('9003','Creación teatral','900'),('9004','Creación audiovisual','900'),('9005','Artes plásticas y visuales','900'),('9006','Actividades teatrales','900'),('9007','Actividades de espectáculos musicales en vivo','900'),('9008','Otras actividades de espectáculos en vivo','900'),('9101','Actividades de bibliotecas y archivos','910'),('9102','Actividades y funcionamiento de museos, conservación de edificios y sitios históricos','910'),('9103','Actividades de jardines botánicos, zoológicos y reservas naturales','910'),('9200','Actividades de juegos de azar y apuestas','920'),('9311','Gestión de instalaciones deportivas','931'),('9312','Actividades de clubes deportivos','931'),('9319','Otras actividades deportivas','931'),('9321','Actividades de parques de atracciones y parques temáticos','932'),('9329','Otras actividades recreativas y de esparcimiento n.c.p.','932'),('9411','Actividades de asociaciones empresariales y de empleadores','941'),('9412','Actividades de asociaciones profesionales','941'),('9420','Actividades de sindicatos de empleados','942'),('9491','Actividades de asociaciones religiosas','949'),('9492','Actividades de asociaciones políticas','949'),('9499','Actividades de otras asociaciones n.c.p.','949'),('9511','Mantenimiento y reparación de computadores y de equipo periférico','951'),('9512','Mantenimiento y reparación de equipos de comunicación','951'),('9521','Mantenimiento y reparación de aparatos electrónicos de consumo','952'),('9522','Mantenimiento y reparación de aparatos y equipos domésticos y de jardinería ','952'),('9523','Reparación de calzado y artículos de cuero','952'),('9524','Reparación de muebles y accesorios para el hogar','952'),('9529','Mantenimiento y reparación de otros efectos personales y enseres domésticos','952'),('9601','Lavado y limpieza, incluso la limpieza en seco, de productos textiles y de piel','960'),('9602','Peluquería y otros tratamientos de belleza','960'),('9603','Pompas fúnebres y actividades relacionadas','960'),('9609','Otras actividades de servicios personales n.c.p.','960'),('9700','Actividades de los hogares individuales como empleadores de personal doméstico','970'),('9810','Actividades no diferenciadas de los hogares individuales como productores de bienes para uso propio','981'),('9820','Actividades no diferenciadas de los hogares individuales como productores de servicios para uso propio','982'),('9900','Actividades de organizaciones y entidades extraterritoriales','990');
/*!40000 ALTER TABLE `proveedores_actividad_eco_clase` ENABLE KEYS */;
UNLOCK TABLES;

--
-- Table structure for table `proveedores_actividad_eco_division`
--

DROP TABLE IF EXISTS `proveedores_actividad_eco_division`;
/*!40101 SET @saved_cs_client     = @@character_set_client */;
/*!50503 SET character_set_client = utf8mb4 */;
CREATE TABLE `proveedores_actividad_eco_division` (
  `codigo` varchar(5) NOT NULL,
  `descripcion` varchar(230) NOT NULL,
  `seccion_id` varchar(3) NOT NULL,
  PRIMARY KEY (`codigo`),
  KEY `proveedores_activida_seccion_id_699d97a0_fk_proveedor` (`seccion_id`),
  CONSTRAINT `proveedores_activida_seccion_id_699d97a0_fk_proveedor` FOREIGN KEY (`seccion_id`) REFERENCES `proveedores_actividad_eco_seccion` (`codigo`)
) ENGINE=InnoDB DEFAULT CHARSET=utf8mb4 COLLATE=utf8mb4_0900_ai_ci;
/*!40101 SET character_set_client = @saved_cs_client */;

--
-- Dumping data for table `proveedores_actividad_eco_division`
--

LOCK TABLES `proveedores_actividad_eco_division` WRITE;
/*!40000 ALTER TABLE `proveedores_actividad_eco_division` DISABLE KEYS */;
INSERT INTO `proveedores_actividad_eco_division` VALUES ('01','Agricultura, ganadería, caza y actividades de servicios conexas ','A'),('02','Silvicultura y extracción de madera','A'),('03','Pesca y acuicultura','A'),('05','Extracción de carbón de piedra y lignito','B'),('06','Extracción de petróleo crudo y gas natural','B'),('07','Extracción de minerales metalíferos','B'),('08','Extracción de otras minas y canteras','B'),('09','Actividades de servicios de apoyo para la explotación de minas ','B'),('10','Actividades de servicios de apoyo para la explotación de minas ','C'),('11','Elaboración de bebidas','C'),('12','Elaboración de productos de tabaco','C'),('13','Fabricación de productos textiles','C'),('14','Confección de prendas de vestir','C'),('15','Curtido y recurtido de cueros; fabricación de calzado; fabricación de artículos de viaje, maletas, bolsos de mano y artículos similares, y fabricación de artículos de talabartería y guarnicionería; adobo y teñido de pieles','C'),('16','Transformación de la madera y fabricación de productos de madera y de corcho, excepto muebles; fabricación de artículos de cestería y espartería','C'),('17','Fabricación de papel, cartón y productos de papel y cartón','C'),('18','Actividades de impresión y de producción de copias a partir de grabaciones originales ','C'),('19','Coquización, fabricación de productos de la refinación del petróleo y actividad de mezcla de combustibles ','C'),('20','Fabricación de sustancias y productos químicos','C'),('21','Fabricación de productos farmacéuticos, sustancias químicas medicinales y productos botánicos de uso farmacéutico','C'),('22','Fabricación de productos de caucho y de plástico','C'),('23','Fabricación de otros productos minerales no metálicos','C'),('24','Fabricación de productos metalúrgicos básicos','C'),('25','Fabricación de productos elaborados de metal, excepto maquinaria y equipo','C'),('26','Fabricación de productos informáticos, electrónicos y ópticos','C'),('27','Fabricación de aparatos y equipo eléctrico','C'),('28','Fabricación de maquinaria y equipo n.c.p.','C'),('29','Fabricación de vehículos automotores, remolques y semirremolques','C'),('30','Fabricación de otros tipos de equipo de transporte','C'),('31','Fabricación de muebles, colchones y somieres','C'),('32','Otras industrias manufactureras','C'),('33','Instalación, mantenimiento y reparación especializado de maquinaria y equipo','C'),('35','Suministro de electricidad, gas, vapor y aire acondicionado ','D'),('36','Captación, tratamiento y distribución de agua','E'),('37','Evacuación y tratamiento de aguas residuales','E'),('38','Recolección, tratamiento y disposición de desechos, recuperación de materiales','E'),('39','Actividades de saneamiento ambiental y otros servicios de gestión de desechos','E'),('41','Construcción de edificios','F'),('42','Obras de ingeniería civil','F'),('43','Actividades especializadas para la construcción de edificios y obras de ingeniería civil','F'),('45','Comercio, mantenimiento y reparación de vehículos automotores y motocicletas, sus partes, piezas y accesorios','G'),('46','Comercio al por mayor y en comisión o por contrata, excepto el comercio de vehículos automotores y motocicletas','G'),('47','Comercio al por menor (incluso el comercio al por menor de combustibles), excepto el de vehículos automotores y motocicletas','G'),('49','Transporte terrestre; transporte por tuberías','H'),('50','Transporte acuático','H'),('51','Transporte aéreo','H'),('52','Almacenamiento y actividades complementarias al transporte','H'),('53','Correo y servicios de mensajería','H'),('55','Alojamiento','I'),('56','Actividades de servicios de comidas y bebidas','I'),('58','Actividades de edición','J'),('59','Actividades cinematográficas, de video y producción de programas de televisión, grabación de sonido y edición de música','J'),('60','Actividades de programación, transmisión y/o difusión','J'),('61','Telecomunicaciones','J'),('62','Desarrollo de sistemas informáticos (planificación, análisis, diseño, programación, pruebas), consultoría informática y actividades relacionadas','J'),('63','Actividades de servicios de información','J'),('64','Actividades de servicios financieros, excepto las de seguros y de pensiones','K'),('65','Seguros (incluso el reaseguro), seguros sociales y fondos de pensiones, excepto la seguridad social','K'),('66','Actividades auxiliares de las actividades de servicios financieros','K'),('68','Actividades inmobiliarias','L'),('69','Actividades jurídicas y de contabilidad','M'),('70','Actividades de administración empresarial; actividades de consultoría de gestión','M'),('71','Actividades de arquitectura e ingeniería; ensayos y análisis técnicos','M'),('72','Investigación científica y desarrollo','M'),('73','Publicidad y estudios de mercado','M'),('74','Otras actividades profesionales, científicas y técnicas','M'),('75','Actividades veterinarias','M'),('77','Actividades de alquiler y arrendamiento','N'),('78','Actividades de empleo','N'),('79','Actividades de las agencias de viajes, operadores turísticos, servicios de reserva y actividades relacionadas','N'),('80','Actividades de seguridad e investigación privada','N'),('81','Actividades de servicios a edificios y paisajismo (jardines, zonas verdes)','N'),('82','Actividades administrativas y de apoyo de oficina y otras actividades de apoyo a las empresas','N'),('84','Administración pública y defensa; planes de seguridad social de afiliación obligatoria','O'),('85','Educación','P'),('86','Actividades de atención de la salud humana','Q'),('87','Actividades de atención residencial medicalizada','Q'),('88','Actividades de asistencia social sin alojamiento','Q'),('90','Actividades creativas, artísticas y de entretenimiento','R'),('91','Actividades de bibliotecas, archivos, museos y otras actividades culturales','R'),('92','Actividades de juegos de azar y apuestas','R'),('93','Actividades deportivas y actividades recreativas y de esparcimiento','R'),('94','Actividades de asociaciones','S'),('95','Mantenimiento y reparación de computadores, efectos personales y enseres domésticos','S'),('96','Otras actividades de servicios personales','S'),('97','Actividades de los hogares individuales como empleadores de personal doméstico','T'),('98','Actividades no diferenciadas de los hogares individuales como productores de bienes y servicios para uso propio','T'),('99','Actividades de organizaciones y entidades extraterritoriales','U');
/*!40000 ALTER TABLE `proveedores_actividad_eco_division` ENABLE KEYS */;
UNLOCK TABLES;

--
-- Table structure for table `proveedores_actividad_eco_grupo`
--

DROP TABLE IF EXISTS `proveedores_actividad_eco_grupo`;
/*!40101 SET @saved_cs_client     = @@character_set_client */;
/*!50503 SET character_set_client = utf8mb4 */;
CREATE TABLE `proveedores_actividad_eco_grupo` (
  `codigo` varchar(4) NOT NULL,
  `descripcion` varchar(300) NOT NULL,
  `division_id` varchar(5) NOT NULL,
  PRIMARY KEY (`codigo`),
  KEY `proveedores_activida_division_id_9fe037d2_fk_proveedor` (`division_id`),
  CONSTRAINT `proveedores_activida_division_id_9fe037d2_fk_proveedor` FOREIGN KEY (`division_id`) REFERENCES `proveedores_actividad_eco_division` (`codigo`)
) ENGINE=InnoDB DEFAULT CHARSET=utf8mb4 COLLATE=utf8mb4_0900_ai_ci;
/*!40101 SET character_set_client = @saved_cs_client */;

--
-- Dumping data for table `proveedores_actividad_eco_grupo`
--

LOCK TABLES `proveedores_actividad_eco_grupo` WRITE;
/*!40000 ALTER TABLE `proveedores_actividad_eco_grupo` DISABLE KEYS */;
INSERT INTO `proveedores_actividad_eco_grupo` VALUES ('011','Cultivos agrícolas transitorios','01'),('012','Cultivos agrícolas permanentes','01'),('013','Propagación de plantas (actividades de los viveros, excepto viveros forestales)','01'),('014','Ganadería','01'),('015','Explotación mixta (agrícola y pecuaria)','01'),('016','Actividades de apoyo a la agricultura y la ganadería, y actividades posteriores a la cosecha','01'),('017','Caza ordinaria y mediante trampas y actividades de servicios conexas','01'),('021','Silvicultura y otras actividades forestales','02'),('022','Extracción de madera','02'),('023','Recolección de productos forestales diferentes a la madera','02'),('024','Servicios de apoyo a la silvicultura','02'),('031','Pesca','03'),('032','Acuicultura ','03'),('051','Extracción de hulla (carbón de piedra)','05'),('052','Extracción de carbón lignito','05'),('061','Extracción de petróleo crudo','06'),('062','Extracción de gas natural','06'),('071','Extracción de minerales de hierro','07'),('072','Extracción de minerales metalíferos no ferrosos','07'),('081','Extracción de piedra, arena, arcillas, cal, yeso, caolín, bentonitas y similares','08'),('082','Extracción de esmeraldas, piedras preciosas y semipreciosas','08'),('089','Extracción de otros minerales no metálicos n.c.p.','08'),('091','Actividades de apoyo para la extracción de petróleo y de gas natural','09'),('099','Actividades de apoyo para otras actividades de explotación de minas y canteras','09'),('101','Procesamiento y conservación de carne, pescado, crustáceos y moluscos ','10'),('102','Procesamiento y conservación de frutas, legumbres, hortalizas y tubérculos','10'),('103','Elaboración de aceites y grasas de origen vegetal y animal','10'),('104','Elaboración de productos lácteos','10'),('105','Elaboración de productos de molinería, almidones y productos derivados del almidón','10'),('106','Elaboración de productos de café','10'),('107','Elaboración de azúcar y panela','10'),('108','Elaboración de otros productos alimenticios','10'),('109','Elaboración de alimentos preparados para animales','10'),('110','Elaboración de bebidas','11'),('120','Elaboración de productos de tabaco','12'),('131','Preparación, hilatura, tejeduría y acabado de productos textiles','13'),('139','Fabricación de otros productos textiles','13'),('141','Confección de prendas de vestir, excepto prendas de piel','14'),('142','Fabricación de artículos de piel','14'),('143','Fabricación de artículos de punto y ganchillo','14'),('151','Curtido y recurtido de cueros; fabricación de artículos de viaje, bolsos de mano y artículos similares, y fabricación de artículos de talabartería y guarnicionería, adobo y teñido de pieles','15'),('152','Fabricación de calzado','15'),('161','Aserrado, acepillado e impregnación de la madera','16'),('162','Fabricación de hojas de madera para enchapado; fabricación de tableros contrachapados, tableros laminados, tableros de partículas y otros tableros y paneles','16'),('163','Fabricación de partes y piezas de madera, de carpintería y ebanistería para la construcción','16'),('164','Fabricación de recipientes de madera','16'),('169','Fabricación de otros productos de madera; fabricación de artículos de corcho, cestería y espartería','16'),('170','Fabricación de papel, cartón y productos de papel y cartón','17'),('181','Actividades de impresión y actividades de servicios relacionados con la impresión','18'),('182','Producción de copias a partir de grabaciones originales ','18'),('191','Fabricación de productos de hornos de coque','19'),('192','Fabricación de productos de la refinación del petróleo','19'),('201','Fabricación de sustancias químicas básicas, abonos y compuestos inorgánicos nitrogenados, plásticos y caucho sintético en formas primarias','20'),('202','Fabricación de otros productos químicos','20'),('203','Fabricación de fibras sintéticas y artificiales','20'),('210','Fabricación de productos farmacéuticos, sustancias químicas medicinales y productos botánicos de uso farmacéutico','21'),('221','Fabricación de productos de caucho','22'),('222','Fabricación de productos de plástico','22'),('231','Fabricación de vidrio y productos de vidrio','23'),('239','Fabricación de productos minerales no metálicos n.c.p.','23'),('241','Industrias básicas de hierro y de acero','24'),('242','Industrias básicas de metales preciosos y de metales no ferrosos','24'),('243','Fundición de metales','24'),('251','Fabricación de productos metálicos para uso estructural, tanques, depósitos y generadores de vapor','25'),('252','Fabricación de armas y municiones','25'),('259','Fabricación de otros productos elaborados de metal y actividades de servicios relacionadas con el trabajo de metales','25'),('261','Fabricación de componentes y tableros electrónicos','26'),('262','Fabricación de computadoras y de equipo periférico','26'),('263','Fabricación de equipos de comunicación','26'),('264','Fabricación de aparatos electrónicos de consumo','26'),('265','Fabricación de equipo de medición, prueba, navegación y control; fabricación de relojes','26'),('266','Fabricación de equipo de irradiación y equipo electrónico de uso médico y terapéutico','26'),('267','Fabricación de instrumentos ópticos y equipo fotográfico','26'),('268','Fabricación de medios magnéticos y ópticos para almacenamiento de datos','26'),('271','Fabricación de motores, generadores y transformadores eléctricos y de aparatos de distribución y control de la energía eléctrica','27'),('272','Fabricación de pilas, baterías y acumuladores eléctricos','27'),('273','Fabricación de hilos y cables aislados y sus dispositivos','27'),('274','Fabricación de equipos eléctricos de iluminación','27'),('275','Fabricación de aparatos de uso doméstico','27'),('279','Fabricación de otros tipos de equipo eléctrico n.c.p.','27'),('281','Fabricación de maquinaria y equipo de uso general','28'),('282','Fabricación de maquinaria y equipo de uso especial','28'),('291','Fabricación de vehículos automotores y sus motores','29'),('292','Fabricación de carrocerías para vehículos automotores; fabricación de remolques y semirremolques ','29'),('293','Fabricación de partes, piezas (autopartes) y accesorios (lujos) para vehículos automotores','29'),('301','Construcción de barcos y otras embarcaciones','30'),('302','Fabricación de locomotoras y de material rodante para ferrocarriles','30'),('303','Fabricación de aeronaves, naves espaciales y de maquinaria conexa','30'),('304','Fabricación de vehículos militares de combate','30'),('309','Fabricación de otros tipos de equipo de transporte n.c.p.','30'),('311','Fabricación de muebles ','31'),('312','Fabricación de colchones y somieres','31'),('321','Fabricación de joyas, bisutería y artículos conexos','32'),('322','Fabricación de instrumentos musicales','32'),('323','Fabricación de artículos y equipo para la práctica del deporte','32'),('324','Fabricación de juegos, juguetes y rompecabezas','32'),('325','Fabricación de instrumentos, aparatos y materiales médicos y odontológicos (incluido mobiliario)','32'),('329','Otras industrias manufactureras n.c.p.','32'),('331','Mantenimiento y reparación especializado de productos elaborados en metal y de maquinaria y equipo','33'),('332','Instalación especializada de maquinaria y equipo industrial ','33'),('351','Generación, transmisión, distribución y comercialización de energía eléctrica','35'),('352','Producción de gas; distribución de combustibles gaseosos por tuberías','35'),('353','Suministro de vapor y aire acondicionado','35'),('360','Captación, tratamiento y distribución de agua','36'),('370','Evacuación y tratamiento de aguas residuales','37'),('381','Recolección de desechos','38'),('382','Tratamiento y disposición de desechos','38'),('383','Recuperación de materiales','38'),('390','Actividades de saneamiento ambiental y otros servicios de gestión de desechos','39'),('411','Construcción de edificios','41'),('421','Construcción de carreteras y vías de ferrocarril','42'),('422','Construcción de proyectos de servicio público','42'),('429','Construcción de otras obras de ingeniería civil','42'),('431','Demolición y preparación del terreno','43'),('432','Instalaciones eléctricas, de fontanería y otras instalaciones especializadas','43'),('433','Terminación y acabado de edificios y obras de ingeniería civil','43'),('439','Otras actividades especializadas para la construcción de edificios y obras de ingeniería civil','43'),('451','Comercio de vehículos automotores','45'),('452','Mantenimiento y reparación de vehículos automotores','45'),('453','Comercio de partes, piezas (autopartes) y accesorios (lujos) para vehículos automotores','45'),('454','Comercio, mantenimiento y reparación de motocicletas y de sus partes, piezas y accesorios','45'),('461','Comercio al por mayor a cambio de una retribución o por contrata','46'),('462','Comercio al por mayor de materias primas agropecuarias; animales vivos','46'),('463','Comercio al por mayor de alimentos, bebidas y tabaco','46'),('464','Comercio al por mayor de artículos y enseres domésticos (incluidas prendas de vestir)','46'),('465','Comercio al por mayor de maquinaria y equipo ','46'),('466','Comercio al por mayor especializado de otros productos','46'),('469','Comercio al por mayor no especializado','46'),('471','Comercio al por menor en establecimientos no especializados','47'),('472','Comercio al por menor de alimentos (víveres en general), bebidas y tabaco, en establecimientos especializados','47'),('473','Comercio al por menor de combustible, lubricantes, aditivos y productos de limpieza para automotores, en establecimientos especializados','47'),('474','Comercio al por menor de equipos de informática y de comunicaciones, en establecimientos especializados','47'),('475','Comercio al por menor de otros enseres domésticos en establecimientos especializados','47'),('476','Comercio al por menor de artículos culturales y de entretenimiento, en establecimientos especializados','47'),('477','Comercio al por menor de otros productos en establecimientos especializados','47'),('478','Comercio al por menor en puestos de venta móviles','47'),('479','Comercio al por menor no realizado en establecimientos, puestos de venta o mercados','47'),('491','Transporte férreo','49'),('492','Transporte terrestre público automotor','49'),('493','Transporte por tuberías','49'),('501','Transporte marítimo y de cabotaje','50'),('502','Transporte fluvial','50'),('511','Transporte aéreo de pasajeros ','51'),('512','Transporte aéreo de carga ','51'),('521','Almacenamiento y depósito','52'),('522','Actividades de las estaciones, vías y servicios complementarios para el transporte','52'),('531','Actividades postales nacionales','53'),('532','Actividades de mensajería','53'),('551','Actividades de alojamiento de estancias cortas','55'),('552','Actividades de zonas de camping y parques para vehículos recreacionales','55'),('553','Servicio por horas ','55'),('559','Otros tipos de alojamiento n.c.p.','55'),('561','Actividades de restaurantes, cafeterías y servicio móvil de comidas','56'),('562','Actividades de catering para eventos y otros servicios de comidas','56'),('563','Expendio de bebidas alcohólicas para el consumo dentro del establecimiento','56'),('581','Edición de libros, publicaciones periódicas y otras actividades de edición','58'),('582','Edición de programas de informática (software)','58'),('591','Actividades de producción de películas cinematográficas, video y producción de programas, anuncios y comerciales de televisión','59'),('592','Actividades de grabación de sonido y edición de música','59'),('601','Actividades de programación y transmisión en el servicio de radiodifusión sonora','60'),('602','Actividades de programación y transmisión de televisión','60'),('611','Actividades de telecomunicaciones alámbricas','61'),('612','Actividades de telecomunicaciones inalámbricas','61'),('613','Actividades de telecomunicación satelital','61'),('619','Otras actividades de telecomunicaciones','61'),('620','Desarrollo de sistemas informáticos (planificación, análisis, diseño, programación, pruebas), consultoría informática y actividades relacionadas','62'),('631','Procesamiento de datos, alojamiento (hosting) y actividades relacionadas; portales web','63'),('639','Otras actividades de servicio de información','63'),('641','Intermediación monetaria','64'),('642','Otros tipos de intermediación monetaria','64'),('643','Fideicomisos, fondos (incluye fondos de cesantías) y entidades financieras similares','64'),('649','Otras actividades de servicio financiero, excepto las de seguros y pensiones','64'),('651','Seguros y capitalización','65'),('652','Servicios de seguros sociales de salud y riesgos profesionales','65'),('653','Servicios de seguros sociales de pensiones','65'),('661','Actividades auxiliares de las actividades de servicios financieros, excepto las de seguros y pensiones','66'),('662','Actividades de servicios auxiliares de los servicios de seguros y pensiones','66'),('663','Actividades de administración de fondos','66'),('681','Actividades inmobiliarias realizadas con bienes propios o arrendados','68'),('682','Actividades inmobiliarias realizadas a cambio de una retribución o por contrata ','68'),('691','Actividades jurídicas','69'),('692','Actividades de contabilidad, teneduría de libros, auditoría financiera y asesoría tributaria','69'),('701','Actividades de administración empresarial','70'),('702','Actividades de consultaría de gestión','70'),('711','Actividades de arquitectura e ingeniería y otras actividades conexas de consultoría técnica','71'),('712','Ensayos y análisis técnicos','71'),('721','Investigaciones y desarrollo experimental en el campo de las ciencias naturales y la ingeniería ','72'),('722','Investigaciones y desarrollo experimental en el campo de las ciencias sociales y las humanidades','72'),('731','Publicidad','73'),('732','Estudios de mercado y realización de encuestas de opinión pública','73'),('741','Actividades especializadas de diseño ','74'),('742','Actividades de fotografía','74'),('749','Otras actividades profesionales, científicas y técnicas n.c.p.','74'),('750','Actividades veterinarias','75'),('771','Alquiler y arrendamiento de vehículos automotores','77'),('772','Alquiler y arrendamiento de efectos personales y enseres domésticos','77'),('773','Alquiler y arrendamiento de otros tipos de maquinaria, equipo y bienes tangibles n.c.p.','77'),('774','Arrendamiento de propiedad intelectual y productos similares, excepto obras protegidas por derechos de autor','77'),('781','Actividades de agencias de empleo','78'),('782','Actividades de agencias de empleo temporal','78'),('783','Otras actividades de suministro de recurso humano','78'),('791','Actividades de las agencias de viajes y operadores turísticos','79'),('799','Otros servicios de reserva y actividades relacionadas','79'),('801','Actividades de seguridad privada','80'),('802','Actividades de servicios de sistemas de seguridad','80'),('803','Actividades de detectives e investigadores privados','80'),('811','Actividades combinadas de apoyo a instalaciones','81'),('812','Actividades de limpieza','81'),('813','Actividades de paisajismo y servicios de mantenimiento conexos','81'),('821','Actividades administrativas y de apoyo de oficina','82'),('822','Actividades de centros de llamadas (Call center)','82'),('823','Organización de convenciones y eventos comerciales','82'),('829','Actividades de servicios de apoyo a las empresas n.c.p.','82'),('841','Administración del Estado y aplicación de la política económica y social de la comunidad','84'),('842','Prestación de servicios a la comunidad en general','84'),('843','Actividades de planes de seguridad social de afiliación obligatoria','84'),('851','Educación de la primera infancia, preescolar y básica primaria','85'),('852','Educación secundaria y de formación laboral','85'),('853','Establecimientos que combinan diferentes niveles de educación ','85'),('854','Educación superior','85'),('855','Otros tipos de educación','85'),('856','Actividades de apoyo a la educación','85'),('861','Actividades de hospitales y clínicas, con internación','86'),('862','Actividades de práctica médica y odontológica, sin internación ','86'),('869','Otras actividades de atención relacionadas con la salud humana','86'),('871','Actividades de atención residencial medicalizada de tipo general','87'),('872','Actividades de atención residencial, para el cuidado de pacientes con retardo mental, enfermedad mental y consumo de sustancias psicoactivas','87'),('873','Actividades de atención en instituciones para el cuidado de personas mayores y/o discapacitadas','87'),('879','Otras actividades de atención en instituciones con alojamiento','87'),('881','Actividades de asistencia social sin alojamiento para personas mayores y discapacitadas','88'),('889','Otras actividades de asistencia social sin alojamiento','88'),('900','Actividades creativas, artísticas y de entretenimiento ','90'),('910','Actividades de bibliotecas, archivos, museos y otras actividades culturales','91'),('920','Actividades de juegos de azar y apuestas','92'),('931','Actividades deportivas','93'),('932','Otras actividades recreativas y de esparcimiento','93'),('941','Actividades de asociaciones empresariales y de empleadores, ','94'),('942','Actividades de sindicatos de empleados','94'),('949','Actividades de otras asociaciones','94'),('951','Mantenimiento y reparación de computadores y equipo de comunicaciones','95'),('952','Mantenimiento y reparación de efectos personales y enseres domésticos','95'),('960','Otras actividades de servicios personales','96'),('970','Actividades de los hogares individuales como empleadores de personal doméstico','97'),('981','Actividades no diferenciadas de los hogares individuales como productores de bienes para uso propio','98'),('982','Actividades no diferenciadas de los hogares individuales como productores de servicios para uso propio','98'),('990','Actividades de organizaciones y entidades extraterritoriales','99');
/*!40000 ALTER TABLE `proveedores_actividad_eco_grupo` ENABLE KEYS */;
UNLOCK TABLES;

--
-- Table structure for table `proveedores_actividad_eco_seccion`
--

DROP TABLE IF EXISTS `proveedores_actividad_eco_seccion`;
/*!40101 SET @saved_cs_client     = @@character_set_client */;
/*!50503 SET character_set_client = utf8mb4 */;
CREATE TABLE `proveedores_actividad_eco_seccion` (
  `codigo` varchar(3) NOT NULL,
  `descripcion` varchar(180) NOT NULL,
  PRIMARY KEY (`codigo`)
) ENGINE=InnoDB DEFAULT CHARSET=utf8mb4 COLLATE=utf8mb4_0900_ai_ci;
/*!40101 SET character_set_client = @saved_cs_client */;

--
-- Dumping data for table `proveedores_actividad_eco_seccion`
--

LOCK TABLES `proveedores_actividad_eco_seccion` WRITE;
/*!40000 ALTER TABLE `proveedores_actividad_eco_seccion` DISABLE KEYS */;
INSERT INTO `proveedores_actividad_eco_seccion` VALUES ('A','AGRICULTURA, GANADERÍA, CAZA, SILVICULTURA Y PESCA'),('B','EXPLOTACIÓN DE MINAS Y CANTERAS'),('C','INDUSTRIAS MANUFACTURERAS'),('D','SUMINISTRO DE ELECTRICIDAD, GAS, VAPOR Y AIRE ACONDICIONADO'),('E','DISTRIBUCIÓN DE AGUA; EVACUACIÓN Y TRATAMIENTO DE AGUAS RESIDUALES, GESTIÓN DE DESECHOS Y ACTIVIDADES DE SANEAMIENTO AMBIENTAL'),('F','CONSTRUCCIÓN'),('G','COMERCIO AL POR MAYOR Y AL POR MENOR; REPARACIÓN DE VEHÍCULOS AUTOMOTORES Y MOTOCICLETAS'),('H','TRANSPORTE Y ALMACENAMIENTO'),('I','ALOJAMIENTO Y SERVICIOS DE COMIDA'),('J','INFORMACIÓN Y COMUNICACIONES'),('K','ACTIVIDADES FINANCIERAS Y DE SEGUROS'),('L','ACTIVIDADES INMOBILIARIAS'),('M','ACTIVIDADES PROFESIONALES, CIENTÍFICAS Y TÉCNICAS'),('N','ACTIVIDADES DE SERVICIOS ADMINISTRATIVOS Y DE APOYO'),('O','ADMINISTRACIÓN PÚBLICA Y DEFENSA; PLANES DE SEGURIDAD SOCIAL DE AFILIACIÓN OBLIGATORIA'),('P','EDUCACIÓN'),('Q','ACTIVIDADES DE ATENCIÓN DE LA SALUD HUMANA Y DE ASISTENCIA SOCIAL'),('R','ACTIVIDADES ARTÍSTICAS, DE ENTRETENIMIENTO Y RECREACIÓN'),('S','OTRAS ACTIVIDADES DE SERVICIOS'),('T','ACTIVIDADES DE LOS HOGARES INDIVIDUALES EN CALIDAD DE EMPLEADORES; ACTIVIDADES NO DIFERENCIADAS DE LOS HOGARES INDIVIDUALES COMO PRODUCTORES DE BIENES Y SERVICIOS PARA USO PROPIO'),('U','ACTIVIDADES DE ORGANIZACIONES Y ENTIDADES EXTRATERRITORIALES');
/*!40000 ALTER TABLE `proveedores_actividad_eco_seccion` ENABLE KEYS */;
UNLOCK TABLES;

--
-- Table structure for table `users_departamento`
--

DROP TABLE IF EXISTS `users_departamento`;
/*!40101 SET @saved_cs_client     = @@character_set_client */;
/*!50503 SET character_set_client = utf8mb4 */;
CREATE TABLE `users_departamento` (
  `codigo` varchar(4) NOT NULL,
  `nombre` varchar(100) NOT NULL,
  PRIMARY KEY (`codigo`)
) ENGINE=InnoDB DEFAULT CHARSET=utf8mb4 COLLATE=utf8mb4_0900_ai_ci;
/*!40101 SET character_set_client = @saved_cs_client */;

--
-- Dumping data for table `users_departamento`
--

LOCK TABLES `users_departamento` WRITE;
/*!40000 ALTER TABLE `users_departamento` DISABLE KEYS */;
INSERT INTO `users_departamento` VALUES ('11','Bogota'),('13','Bolivar'),('15','Boyaca'),('17','Caldas'),('18','Caqueta'),('19','Cauca'),('20','Cesar'),('23','Cordoba'),('25','Cundinamarca'),('27','Choco'),('41','Huila'),('44','La Guajira'),('47','Magdalena'),('5','Antioquia'),('50','Meta'),('52','Nariño'),('54','N. De Santander'),('63','Quindio'),('66','Risaralda'),('68','Santander'),('70','Sucre'),('73','Tolima'),('76','Valle Del Cauca'),('8','Atlantico'),('81','Arauca'),('85','Casanare'),('86','Putumayo'),('88','San Andres'),('91','Amazonas'),('94','Guainia'),('95','Guaviare'),('97','Vaupes'),('99','Vichada');
/*!40000 ALTER TABLE `users_departamento` ENABLE KEYS */;
UNLOCK TABLES;

--
-- Table structure for table `users_municipio`
--

DROP TABLE IF EXISTS `users_municipio`;
/*!40101 SET @saved_cs_client     = @@character_set_client */;
/*!50503 SET character_set_client = utf8mb4 */;
CREATE TABLE `users_municipio` (
  `codigo` varchar(6) NOT NULL,
  `nombre` varchar(100) NOT NULL,
  `departamento_id_id` varchar(4) NOT NULL,
  PRIMARY KEY (`codigo`),
  KEY `users_municipio_departamento_id_id_a4e5b8da_fk_users_dep` (`departamento_id_id`),
  CONSTRAINT `users_municipio_departamento_id_id_a4e5b8da_fk_users_dep` FOREIGN KEY (`departamento_id_id`) REFERENCES `users_departamento` (`codigo`)
) ENGINE=InnoDB DEFAULT CHARSET=utf8mb4 COLLATE=utf8mb4_0900_ai_ci;
/*!40101 SET character_set_client = @saved_cs_client */;

--
-- Dumping data for table `users_municipio`
--

LOCK TABLES `users_municipio` WRITE;
/*!40000 ALTER TABLE `users_municipio` DISABLE KEYS */;
INSERT INTO `users_municipio` VALUES ('11001','Bogota, D.C.','11'),('13001','Cartagena','13'),('13006','Achi','13'),('13030','Altos Del Rosario','13'),('13042','Arenal','13'),('13052','Arjona','13'),('13062','Arroyohondo','13'),('13074','Barranco De Loba','13'),('13140','Calamar','13'),('13160','Cantagallo','13'),('13188','Cicuco','13'),('13212','Cordoba','13'),('13222','Clemencia','13'),('13244','El Carmen De Bolivar','13'),('13248','El Guamo','13'),('13268','El Peñon','13'),('13300','Hatillo De Loba','13'),('13430','Magangue','13'),('13433','Mahates','13'),('13440','Margarita','13'),('13442','Maria La Baja','13'),('13458','Montecristo','13'),('13468','Mompos','13'),('13473','Morales','13'),('13490','Norosi','13'),('13549','Pinillos','13'),('13580','Regidor','13'),('13600','Rio Viejo','13'),('13620','San Cristobal','13'),('13647','San Estanislao','13'),('13650','San Fernando','13'),('13654','San Jacinto','13'),('13655','San Jacinto Del Cauca','13'),('13657','San Juan Nepomuceno','13'),('13667','San Martin De Loba','13'),('13670','San Pablo','13'),('13673','Santa Catalina','13'),('13683','Santa Rosa','13'),('13688','Santa Rosa Del Sur','13'),('13744','Simiti','13'),('13760','Soplaviento','13'),('13780','Talaigua Nuevo','13'),('13810','Tiquisio','13'),('13836','Turbaco','13'),('13838','Turbana','13'),('13873','Villanueva','13'),('13894','Zambrano','13'),('15001','Tunja','15'),('15022','Almeida','15'),('15047','Aquitania','15'),('15051','Arcabuco','15'),('15087','Belen','15'),('15090','Berbeo','15'),('15092','Beteitiva','15'),('15097','Boavita','15'),('15104','Boyaca','15'),('15106','Briceño','15'),('15109','Buenavista','15'),('15114','Busbanza','15'),('15131','Caldas','15'),('15135','Campohermoso','15'),('15162','Cerinza','15'),('15172','Chinavita','15'),('15176','Chiquinquira','15'),('15180','Chiscas','15'),('15183','Chita','15'),('15185','Chitaraque','15'),('15187','Chivata','15'),('15189','Cienega','15'),('15204','Combita','15'),('15212','Coper','15'),('15215','Corrales','15'),('15218','Covarachia','15'),('15223','Cubara','15'),('15224','Cucaita','15'),('15226','Cuitiva','15'),('15232','Chiquiza','15'),('15236','Chivor','15'),('15238','Duitama','15'),('15244','El Cocuy','15'),('15248','El Espino','15'),('15272','Firavitoba','15'),('15276','Floresta','15'),('15293','Gachantiva','15'),('15296','Gameza','15'),('15299','Garagoa','15'),('15317','Guacamayas','15'),('15322','Guateque','15'),('15325','Guayata','15'),('15332','Gsican','15'),('15362','Iza','15'),('15367','Jenesano','15'),('15368','Jerico','15'),('15377','Labranzagrande','15'),('15380','La Capilla','15'),('15401','La Victoria','15'),('15403','La Uvita','15'),('15407','Villa De Leyva','15'),('15425','Macanal','15'),('15442','Maripi','15'),('15455','Miraflores','15'),('15464','Mongua','15'),('15466','Mongui','15'),('15469','Moniquira','15'),('15476','Motavita','15'),('15480','Muzo','15'),('15491','Nobsa','15'),('15494','Nuevo Colon','15'),('15500','Oicata','15'),('15507','Otanche','15'),('15511','Pachavita','15'),('15514','Paez','15'),('15516','Paipa','15'),('15518','Pajarito','15'),('15522','Panqueba','15'),('15531','Pauna','15'),('15533','Paya','15'),('15537','Paz De Rio','15'),('15542','Pesca','15'),('15550','Pisba','15'),('15572','Puerto Boyaca','15'),('15580','Quipama','15'),('15599','Ramiriqui','15'),('15600','Raquira','15'),('15621','Rondon','15'),('15632','Saboya','15'),('15638','Sachica','15'),('15646','Samaca','15'),('15660','San Eduardo','15'),('15664','San Jose De Pare','15'),('15667','San Luis De Gaceno','15'),('15673','San Mateo','15'),('15676','San Miguel De Sema','15'),('15681','San Pablo De Borbur','15'),('15686','Santana','15'),('15690','Santa Maria','15'),('15693','Santa Rosa De Viterbo','15'),('15696','Santa Sofia','15'),('15720','Sativanorte','15'),('15723','Sativasur','15'),('15740','Siachoque','15'),('15753','Soata','15'),('15755','Socota','15'),('15757','Socha','15'),('15759','Sogamoso','15'),('15761','Somondoco','15'),('15762','Sora','15'),('15763','Sotaquira','15'),('15764','Soraca','15'),('15774','Susacon','15'),('15776','Sutamarchan','15'),('15778','Sutatenza','15'),('15790','Tasco','15'),('15798','Tenza','15'),('15804','Tibana','15'),('15806','Tibasosa','15'),('15808','Tinjaca','15'),('15810','Tipacoque','15'),('15814','Toca','15'),('15816','Togsi','15'),('15820','Topaga','15'),('15822','Tota','15'),('15832','Tunungua','15'),('15835','Turmeque','15'),('15837','Tuta','15'),('15839','Tutaza','15'),('15842','Umbita','15'),('15861','Ventaquemada','15'),('15879','Viracacha','15'),('15897','Zetaquira','15'),('17001','Manizales','17'),('17013','Aguadas','17'),('17042','Anserma','17'),('17050','Aranzazu','17'),('17088','Belalcazar','17'),('17174','Chinchina','17'),('17272','Filadelfia','17'),('17380','La Dorada','17'),('17388','La Merced','17'),('17433','Manzanares','17'),('17442','Marmato','17'),('17444','Marquetalia','17'),('17446','Marulanda','17'),('17486','Neira','17'),('17495','Norcasia','17'),('17513','Pacora','17'),('17524','Palestina','17'),('17541','Pensilvania','17'),('17614','Riosucio','17'),('17616','Risaralda','17'),('17653','Salamina','17'),('17662','Samana','17'),('17665','San Jose','17'),('17777','Supia','17'),('17867','Victoria','17'),('17873','Villamaria','17'),('17877','Viterbo','17'),('18001','Florencia','18'),('18029','Albania','18'),('18094','Belen De Los Andaquies','18'),('18150','Cartagena Del Chaira','18'),('18205','Curillo','18'),('18247','El Doncello','18'),('18256','El Paujil','18'),('18410','La Montañita','18'),('18460','Milan','18'),('18479','Morelia','18'),('18592','Puerto Rico','18'),('18610','San Jose Del Fragua','18'),('18753','San Vicente Del Caguan','18'),('18756','Solano','18'),('18785','Solita','18'),('18860','Valparaiso','18'),('19001','Popayan','19'),('19022','Almaguer','19'),('19050','Argelia','19'),('19075','Balboa','19'),('19100','Bolivar','19'),('19110','Buenos Aires','19'),('19130','Cajibio','19'),('19137','Caldono','19'),('19142','Caloto','19'),('19212','Corinto','19'),('19256','El Tambo','19'),('19290','Florencia','19'),('19300','Guachene','19'),('19318','Guapi','19'),('19355','Inza','19'),('19364','Jambalo','19'),('19392','La Sierra','19'),('19397','La Vega','19'),('19418','Lopez','19'),('19450','Mercaderes','19'),('19455','Miranda','19'),('19473','Morales','19'),('19513','Padilla','19'),('19517','Paez','19'),('19532','Patia','19'),('19533','Piamonte','19'),('19548','Piendamo','19'),('19573','Puerto Tejada','19'),('19585','Purace','19'),('19622','Rosas','19'),('19693','San Sebastian','19'),('19698','Santander De Quilichao','19'),('19701','Santa Rosa','19'),('19743','Silvia','19'),('19760','Sotara','19'),('19780','Suarez','19'),('19785','Sucre','19'),('19807','Timbio','19'),('19809','Timbiqui','19'),('19821','Toribio','19'),('19824','Totoro','19'),('19845','Villa Rica','19'),('20001','Valledupar','20'),('20011','Aguachica','20'),('20013','Agustin Codazzi','20'),('20032','Astrea','20'),('20045','Becerril','20'),('20060','Bosconia','20'),('20175','Chimichagua','20'),('20178','Chiriguana','20'),('20228','Curumani','20'),('20238','El Copey','20'),('20250','El Paso','20'),('20295','Gamarra','20'),('20310','Gonzalez','20'),('20383','La Gloria','20'),('20400','La Jagua De Ibirico','20'),('20443','Manaure','20'),('20517','Pailitas','20'),('20550','Pelaya','20'),('20570','Pueblo Bello','20'),('20614','Rio De Oro','20'),('20621','La Paz','20'),('20710','San Alberto','20'),('20750','San Diego','20'),('20770','San Martin','20'),('20787','Tamalameque','20'),('23001','Monteria','23'),('23068','Ayapel','23'),('23079','Buenavista','23'),('23090','Canalete','23'),('23162','Cerete','23'),('23168','Chima','23'),('23182','Chinu','23'),('23189','Cienaga De Oro','23'),('23300','Cotorra','23'),('23350','La Apartada','23'),('23417','Lorica','23'),('23419','Los Cordobas','23'),('23464','Momil','23'),('23466','Montelibano','23'),('23500','Moñitos','23'),('23555','Planeta Rica','23'),('23570','Pueblo Nuevo','23'),('23574','Puerto Escondido','23'),('23580','Puerto Libertador','23'),('23586','Purisima','23'),('23660','Sahagun','23'),('23670','San Andres Sotavento','23'),('23672','San Antero','23'),('23675','San Bernardo Del Viento','23'),('23678','San Carlos','23'),('23686','San Pelayo','23'),('23807','Tierralta','23'),('23855','Valencia','23'),('25001','Agua De Dios','25'),('25019','Alban','25'),('25035','Anapoima','25'),('25040','Anolaima','25'),('25053','Arbelaez','25'),('25086','Beltran','25'),('25095','Bituima','25'),('25099','Bojaca','25'),('25120','Cabrera','25'),('25123','Cachipay','25'),('25126','Cajica','25'),('25148','Caparrapi','25'),('25151','Caqueza','25'),('25154','Carmen De Carupa','25'),('25168','Chaguani','25'),('25175','Chia','25'),('25178','Chipaque','25'),('25181','Choachi','25'),('25183','Choconta','25'),('25200','Cogua','25'),('25214','Cota','25'),('25224','Cucunuba','25'),('25245','El Colegio','25'),('25258','El Peñon','25'),('25260','El Rosal','25'),('25269','Facatativa','25'),('25279','Fomeque','25'),('25281','Fosca','25'),('25286','Funza','25'),('25288','Fuquene','25'),('25290','Fusagasuga','25'),('25293','Gachala','25'),('25295','Gachancipa','25'),('25297','Gacheta','25'),('25299','Gama','25'),('25307','Girardot','25'),('25312','Granada','25'),('25317','Guacheta','25'),('25320','Guaduas','25'),('25322','Guasca','25'),('25324','Guataqui','25'),('25326','Guatavita','25'),('25328','Guayabal De Siquima','25'),('25335','Guayabetal','25'),('25339','Gutierrez','25'),('25368','Jerusalen','25'),('25372','Junin','25'),('25377','La Calera','25'),('25386','La Mesa','25'),('25394','La Palma','25'),('25398','La Peña','25'),('25402','La Vega','25'),('25407','Lenguazaque','25'),('25426','Macheta','25'),('25430','Madrid','25'),('25436','Manta','25'),('25438','Medina','25'),('25473','Mosquera','25'),('25483','Nariño','25'),('25486','Nemocon','25'),('25488','Nilo','25'),('25489','Nimaima','25'),('25491','Nocaima','25'),('25506','Venecia','25'),('25513','Pacho','25'),('25518','Paime','25'),('25524','Pandi','25'),('25530','Paratebueno','25'),('25535','Pasca','25'),('25572','Puerto Salgar','25'),('25580','Puli','25'),('25592','Quebradanegra','25'),('25594','Quetame','25'),('25596','Quipile','25'),('25599','Apulo','25'),('25612','Ricaurte','25'),('25645','San Antonio Del Tequendama','25'),('25649','San Bernardo','25'),('25653','San Cayetano','25'),('25658','San Francisco','25'),('25662','San Juan De Rio Seco','25'),('25718','Sasaima','25'),('25736','Sesquile','25'),('25740','Sibate','25'),('25743','Silvania','25'),('25745','Simijaca','25'),('25754','Soacha','25'),('25758','Sopo','25'),('25769','Subachoque','25'),('25772','Suesca','25'),('25777','Supata','25'),('25779','Susa','25'),('25781','Sutatausa','25'),('25785','Tabio','25'),('25793','Tausa','25'),('25797','Tena','25'),('25799','Tenjo','25'),('25805','Tibacuy','25'),('25807','Tibirita','25'),('25815','Tocaima','25'),('25817','Tocancipa','25'),('25823','Topaipi','25'),('25839','Ubala','25'),('25841','Ubaque','25'),('25843','Villa De San Diego De Ubate','25'),('25845','Une','25'),('25851','Utica','25'),('25862','Vergara','25'),('25867','Viani','25'),('25871','Villagomez','25'),('25873','Villapinzon','25'),('25875','Villeta','25'),('25878','Viota','25'),('25885','Yacopi','25'),('25898','Zipacon','25'),('25899','Zipaquira','25'),('27001','Quibdo','27'),('27006','Acandi','27'),('27025','Alto Baudo','27'),('27050','Atrato','27'),('27073','Bagado','27'),('27075','Bahia Solano','27'),('27077','Bajo Baudo','27'),('27099','Bojaya','27'),('27135','El Canton Del San Pablo','27'),('27150','Carmen Del Darien','27'),('27160','Certegui','27'),('27205','Condoto','27'),('27245','El Carmen De Atrato','27'),('27250','El Litoral Del San Juan','27'),('27361','Istmina','27'),('27372','Jurado','27'),('27413','Lloro','27'),('27425','Medio Atrato','27'),('27430','Medio Baudo','27'),('27450','Medio San Juan','27'),('27491','Novita','27'),('27495','Nuqui','27'),('27580','Rio Iro','27'),('27600','Rio Quito','27'),('27615','Riosucio','27'),('27660','San Jose Del Palmar','27'),('27745','Sipi','27'),('27787','Tado','27'),('27800','Unguia','27'),('27810','Union Panamericana','27'),('41001','Neiva','41'),('41006','Acevedo','41'),('41013','Agrado','41'),('41016','Aipe','41'),('41020','Algeciras','41'),('41026','Altamira','41'),('41078','Baraya','41'),('41132','Campoalegre','41'),('41206','Colombia','41'),('41244','Elias','41'),('41298','Garzon','41'),('41306','Gigante','41'),('41319','Guadalupe','41'),('41349','Hobo','41'),('41357','Iquira','41'),('41359','Isnos','41'),('41378','La Argentina','41'),('41396','La Plata','41'),('41483','Nataga','41'),('41503','Oporapa','41'),('41518','Paicol','41'),('41524','Palermo','41'),('41530','Palestina','41'),('41548','Pital','41'),('41551','Pitalito','41'),('41615','Rivera','41'),('41660','Saladoblanco','41'),('41668','San Agustin','41'),('41676','Santa Maria','41'),('41770','Suaza','41'),('41791','Tarqui','41'),('41797','Tesalia','41'),('41799','Tello','41'),('41801','Teruel','41'),('41807','Timana','41'),('41872','Villavieja','41'),('41885','Yaguara','41'),('44001','Riohacha','44'),('44035','Albania','44'),('44078','Barrancas','44'),('44090','Dibulla','44'),('44098','Distraccion','44'),('44110','El Molino','44'),('44279','Fonseca','44'),('44378','Hatonuevo','44'),('44420','La Jagua Del Pilar','44'),('44430','Maicao','44'),('44560','Manaure','44'),('44650','San Juan Del Cesar','44'),('44847','Uribia','44'),('44855','Urumita','44'),('44874','Villanueva','44'),('47001','Santa Marta','47'),('47030','Algarrobo','47'),('47053','Aracataca','47'),('47058','Ariguani','47'),('47161','Cerro San Antonio','47'),('47170','Chibolo','47'),('47189','Cienaga','47'),('47205','Concordia','47'),('47245','El Banco','47'),('47258','El Piñon','47'),('47268','El Reten','47'),('47288','Fundacion','47'),('47318','Guamal','47'),('47460','Nueva Granada','47'),('47541','Pedraza','47'),('47545','Pijiño Del Carmen','47'),('47551','Pivijay','47'),('47555','Plato','47'),('47570','Puebloviejo','47'),('47605','Remolino','47'),('47660','Sabanas De San Angel','47'),('47675','Salamina','47'),('47692','San Sebastian De Buenavista','47'),('47703','San Zenon','47'),('47707','Santa Ana','47'),('47720','Santa Barbara De Pinto','47'),('47745','Sitionuevo','47'),('47798','Tenerife','47'),('47960','Zapayan','47'),('47980','Zona Bananera','47'),('50001','Villavicencio','50'),('50006','Acacias','50'),('5001','Medellín','5'),('5002','Abejorral','5'),('5004','Abriaqui','5'),('50110','Barranca De Upia','50'),('50124','Cabuyaro','50'),('50150','Castilla La Nueva','50'),('5021','Alejandria','5'),('50223','Cubarral','50'),('50226','Cumaral','50'),('50245','El Calvario','50'),('50251','El Castillo','50'),('50270','El Dorado','50'),('50287','Fuente De Oro','50'),('5030','Amaga','5'),('5031','Amalfi','5'),('50313','Granada','50'),('50318','Guamal','50'),('50325','Mapiripan','50'),('50330','Mesetas','50'),('5034','Andes','5'),('50350','La Macarena','50'),('5036','Angelopolis','5'),('50370','Uribe','50'),('5038','Angostura','5'),('5040','Anori','5'),('50400','Lejanias','50'),('5042','Santafe De Antioquia','5'),('5044','Anza','5'),('5045','Apartado','5'),('50450','Puerto Concordia','50'),('5051','Arboletes','5'),('5055','Argelia','5'),('50568','Puerto Gaitan','50'),('50573','Puerto Lopez','50'),('50577','Puerto Lleras','50'),('5059','Armenia','5'),('50590','Puerto Rico','50'),('50606','Restrepo','50'),('50680','San Carlos De Guaroa','50'),('50683','San Juan De Arama','50'),('50686','San Juanito','50'),('50689','San Martin','50'),('50711','Vistahermosa','50'),('5079','Barbosa','5'),('5086','Belmira','5'),('5088','Bello','5'),('5091','Betania','5'),('5093','Betulia','5'),('5101','Ciudad Bolivar','5'),('5107','Briceño','5'),('5113','Buritica','5'),('5120','Caceres','5'),('5125','Caicedo','5'),('5129','Caldas','5'),('5134','Campamento','5'),('5138','Cañasgordas','5'),('5142','Caracoli','5'),('5145','Caramanta','5'),('5147','Carepa','5'),('5148','El Carmen De Viboral','5'),('5150','Carolina','5'),('5154','Caucasia','5'),('5172','Chigorodo','5'),('5190','Cisneros','5'),('5197','Cocorna','5'),('52001','Pasto','52'),('52019','Alban','52'),('52022','Aldana','52'),('52036','Ancuya','52'),('52051','Arboleda','52'),('5206','Concepcion','5'),('52079','Barbacoas','52'),('52083','Belen','52'),('5209','Concordia','5'),('52110','Buesaco','52'),('5212','Copacabana','5'),('52203','Colon','52'),('52207','Consaca','52'),('52210','Contadero','52'),('52215','Cordoba','52'),('52224','Cuaspud','52'),('52227','Cumbal','52'),('52233','Cumbitara','52'),('52240','Chachagsi','52'),('52250','El Charco','52'),('52254','El Peñol','52'),('52256','El Rosario','52'),('52258','El Tablon De Gomez','52'),('52260','El Tambo','52'),('52287','Funes','52'),('52317','Guachucal','52'),('52320','Guaitarilla','52'),('52323','Gualmatan','52'),('5234','Dabeiba','5'),('52352','Iles','52'),('52354','Imues','52'),('52356','Ipiales','52'),('5237','Don Matias','5'),('52378','La Cruz','52'),('52381','La Florida','52'),('52385','La Llanada','52'),('52390','La Tola','52'),('52399','La Union','52'),('5240','Ebejico','5'),('52405','Leiva','52'),('52411','Linares','52'),('52418','Los Andes','52'),('52427','Magsi','52'),('52435','Mallama','52'),('52473','Mosquera','52'),('52480','Nariño','52'),('52490','Olaya Herrera','52'),('5250','El Bagre','5'),('52506','Ospina','52'),('52520','Francisco Pizarro','52'),('52540','Policarpa','52'),('52560','Potosi','52'),('52565','Providencia','52'),('52573','Puerres','52'),('52585','Pupiales','52'),('52612','Ricaurte','52'),('52621','Roberto Payan','52'),('5264','Entrerrios','5'),('5266','Envigado','5'),('52678','Samaniego','52'),('52683','Sandona','52'),('52685','San Bernardo','52'),('52687','San Lorenzo','52'),('52693','San Pablo','52'),('52694','San Pedro De Cartago','52'),('52696','Santa Barbara','52'),('52699','Santacruz','52'),('52720','Sapuyes','52'),('52786','Taminango','52'),('52788','Tangua','52'),('5282','Fredonia','5'),('52835','San Andres De Tumaco','52'),('52838','Tuquerres','52'),('5284','Frontino','5'),('52885','Yacuanquer','52'),('5306','Giraldo','5'),('5308','Girardota','5'),('5310','Gomez Plata','5'),('5313','Granada','5'),('5315','Guadalupe','5'),('5318','Guarne','5'),('5321','Guatape','5'),('5347','Heliconia','5'),('5353','Hispania','5'),('5360','Itagui','5'),('5361','Ituango','5'),('5364','Jardin','5'),('5368','Jerico','5'),('5376','La Ceja','5'),('5380','La Estrella','5'),('5390','La Pintada','5'),('5400','La Union','5'),('54001','Cucuta','54'),('54003','Abrego','54'),('54051','Arboledas','54'),('54099','Bochalema','54'),('54109','Bucarasica','54'),('5411','Liborina','5'),('54125','Cacota','54'),('54128','Cachira','54'),('54172','Chinacota','54'),('54174','Chitaga','54'),('54206','Convencion','54'),('54223','Cucutilla','54'),('54239','Durania','54'),('54245','El Carmen','54'),('5425','Maceo','5'),('54250','El Tarra','54'),('54261','El Zulia','54'),('54313','Gramalote','54'),('54344','Hacari','54'),('54347','Herran','54'),('54377','Labateca','54'),('54385','La Esperanza','54'),('54398','La Playa','54'),('5440','Marinilla','5'),('54405','Los Patios','54'),('54418','Lourdes','54'),('54480','Mutiscua','54'),('54498','Ocaña','54'),('54518','Pamplona','54'),('54520','Pamplonita','54'),('54553','Puerto Santander','54'),('54599','Ragonvalia','54'),('54660','Salazar','54'),('5467','Montebello','5'),('54670','San Calixto','54'),('54673','San Cayetano','54'),('54680','Santiago','54'),('54720','Sardinata','54'),('54743','Silos','54'),('5475','Murindo','5'),('5480','Mutata','5'),('54800','Teorama','54'),('54810','Tibu','54'),('54820','Toledo','54'),('5483','Nariño','5'),('54871','Villa Caro','54'),('54874','Villa Del Rosario','54'),('5490','Necocli','5'),('5495','Nechi','5'),('5501','Olaya','5'),('5541','Peðol','5'),('5543','Peque','5'),('5576','Pueblorrico','5'),('5579','Puerto Berrio','5'),('5585','Puerto Nare','5'),('5591','Puerto Triunfo','5'),('5604','Remedios','5'),('5607','Retiro','5'),('5615','Rionegro','5'),('5628','Sabanalarga','5'),('5631','Sabaneta','5'),('5642','Salgar','5'),('5647','San Andres De Cuerquia','5'),('5649','San Carlos','5'),('5652','San Francisco','5'),('5656','San Jeronimo','5'),('5658','San Jose De La Montaña','5'),('5659','San Juan De Uraba','5'),('5660','San Luis','5'),('5664','San Pedro','5'),('5665','San Pedro De Uraba','5'),('5667','San Rafael','5'),('5670','San Roque','5'),('5674','San Vicente','5'),('5679','Santa Barbara','5'),('5686','Santa Rosa De Osos','5'),('5690','Santo Domingo','5'),('5697','El Santuario','5'),('5736','Segovia','5'),('5756','Sonson','5'),('5761','Sopetran','5'),('5789','Tamesis','5'),('5790','Taraza','5'),('5792','Tarso','5'),('5809','Titiribi','5'),('5819','Toledo','5'),('5837','Turbo','5'),('5842','Uramita','5'),('5847','Urrao','5'),('5854','Valdivia','5'),('5856','Valparaiso','5'),('5858','Vegachi','5'),('5861','Venecia','5'),('5873','Vigia Del Fuerte','5'),('5885','Yali','5'),('5887','Yarumal','5'),('5890','Yolombo','5'),('5893','Yondo','5'),('5895','Zaragoza','5'),('63001','Armenia','63'),('63111','Buenavista','63'),('63130','Calarca','63'),('63190','Circasia','63'),('63212','Cordoba','63'),('63272','Filandia','63'),('63302','Genova','63'),('63401','La Tebaida','63'),('63470','Montenegro','63'),('63548','Pijao','63'),('63594','Quimbaya','63'),('63690','Salento','63'),('66001','Pereira','66'),('66045','Apia','66'),('66075','Balboa','66'),('66088','Belen De Umbria','66'),('66170','Dosquebradas','66'),('66318','Guatica','66'),('66383','La Celia','66'),('66400','La Virginia','66'),('66440','Marsella','66'),('66456','Mistrato','66'),('66572','Pueblo Rico','66'),('66594','Quinchia','66'),('66682','Santa Rosa De Cabal','66'),('66687','Santuario','66'),('68001','Bucaramanga','68'),('68013','Aguada','68'),('68020','Albania','68'),('68051','Aratoca','68'),('68077','Barbosa','68'),('68079','Barichara','68'),('68081','Barrancabermeja','68'),('68092','Betulia','68'),('68101','Bolivar','68'),('68121','Cabrera','68'),('68132','California','68'),('68147','Capitanejo','68'),('68152','Carcasi','68'),('68160','Cepita','68'),('68162','Cerrito','68'),('68167','Charala','68'),('68169','Charta','68'),('68176','Chima','68'),('68179','Chipata','68'),('68190','Cimitarra','68'),('68207','Concepcion','68'),('68209','Confines','68'),('68211','Contratacion','68'),('68217','Coromoro','68'),('68229','Curiti','68'),('68235','El Carmen De Chucuri','68'),('68245','El Guacamayo','68'),('68250','El Peñon','68'),('68255','El Playon','68'),('68264','Encino','68'),('68266','Enciso','68'),('68271','Florian','68'),('68276','Floridablanca','68'),('68296','Galan','68'),('68298','Gambita','68'),('68307','Giron','68'),('68318','Guaca','68'),('68320','Guadalupe','68'),('68322','Guapota','68'),('68324','Guavata','68'),('68327','Gsepsa','68'),('68344','Hato','68'),('68368','Jesus Maria','68'),('68370','Jordan','68'),('68377','La Belleza','68'),('68385','Landazuri','68'),('68397','La Paz','68'),('68406','Lebrija','68'),('68418','Los Santos','68'),('68425','Macaravita','68'),('68432','Malaga','68'),('68444','Matanza','68'),('68464','Mogotes','68'),('68468','Molagavita','68'),('68498','Ocamonte','68'),('68500','Oiba','68'),('68502','Onzaga','68'),('68522','Palmar','68'),('68524','Palmas Del Socorro','68'),('68533','Paramo','68'),('68547','Piedecuesta','68'),('68549','Pinchote','68'),('68572','Puente Nacional','68'),('68573','Puerto Parra','68'),('68575','Puerto Wilches','68'),('68615','Rionegro','68'),('68655','Sabana De Torres','68'),('68669','San Andres','68'),('68673','San Benito','68'),('68679','San Gil','68'),('68682','San Joaquin','68'),('68684','San Jose De Miranda','68'),('68686','San Miguel','68'),('68689','San Vicente De Chucuri','68'),('68705','Santa Barbara','68'),('68720','Santa Helena Del Opon','68'),('68745','Simacota','68'),('68755','Socorro','68'),('68770','Suaita','68'),('68773','Sucre','68'),('68780','Surata','68'),('68820','Tona','68'),('68855','Valle De San Jose','68'),('68861','Velez','68'),('68867','Vetas','68'),('68872','Villanueva','68'),('68895','Zapatoca','68'),('70001','Sincelejo','70'),('70110','Buenavista','70'),('70124','Caimito','70'),('70204','Coloso','70'),('70215','Corozal','70'),('70221','Coveñas','70'),('70230','Chalan','70'),('70233','El Roble','70'),('70235','Galeras','70'),('70265','Guaranda','70'),('70400','La Union','70'),('70418','Los Palmitos','70'),('70429','Majagual','70'),('70473','Morroa','70'),('70508','Ovejas','70'),('70523','Palmito','70'),('70670','Sampues','70'),('70678','San Benito Abad','70'),('70702','San Juan De Betulia','70'),('70708','San Marcos','70'),('70713','San Onofre','70'),('70717','San Pedro','70'),('70742','San Luis De Since','70'),('70771','Sucre','70'),('70820','Santiago De Tolu','70'),('70823','Tolu Viejo','70'),('73001','Ibague','73'),('73024','Alpujarra','73'),('73026','Alvarado','73'),('73030','Ambalema','73'),('73043','Anzoategui','73'),('73055','Armero','73'),('73067','Ataco','73'),('73124','Cajamarca','73'),('73148','Carmen De Apicala','73'),('73152','Casabianca','73'),('73168','Chaparral','73'),('73200','Coello','73'),('73217','Coyaima','73'),('73226','Cunday','73'),('73236','Dolores','73'),('73268','Espinal','73'),('73270','Falan','73'),('73275','Flandes','73'),('73283','Fresno','73'),('73319','Guamo','73'),('73347','Herveo','73'),('73349','Honda','73'),('73352','Icononzo','73'),('73408','Lerida','73'),('73411','Libano','73'),('73443','Mariquita','73'),('73449','Melgar','73'),('73461','Murillo','73'),('73483','Natagaima','73'),('73504','Ortega','73'),('73520','Palocabildo','73'),('73547','Piedras','73'),('73555','Planadas','73'),('73563','Prado','73'),('73585','Purificacion','73'),('73616','Rioblanco','73'),('73622','Roncesvalles','73'),('73624','Rovira','73'),('73671','Saldaña','73'),('73675','San Antonio','73'),('73678','San Luis','73'),('73686','Santa Isabel','73'),('73770','Suarez','73'),('73854','Valle De San Juan','73'),('73861','Venadillo','73'),('73870','Villahermosa','73'),('73873','Villarrica','73'),('76001','Cali','76'),('76020','Alcala','76'),('76036','Andalucia','76'),('76041','Ansermanuevo','76'),('76054','Argelia','76'),('76100','Bolivar','76'),('76109','Buenaventura','76'),('76111','Guadalajara De Buga','76'),('76113','Bugalagrande','76'),('76122','Caicedonia','76'),('76126','Calima','76'),('76130','Candelaria','76'),('76147','Cartago','76'),('76233','Dagua','76'),('76243','El Aguila','76'),('76246','El Cairo','76'),('76248','El Cerrito','76'),('76250','El Dovio','76'),('76275','Florida','76'),('76306','Ginebra','76'),('76318','Guacari','76'),('76364','Jamundi','76'),('76377','La Cumbre','76'),('76400','La Union','76'),('76403','La Victoria','76'),('76497','Obando','76'),('76520','Palmira','76'),('76563','Pradera','76'),('76606','Restrepo','76'),('76616','Riofrio','76'),('76622','Roldanillo','76'),('76670','San Pedro','76'),('76736','Sevilla','76'),('76823','Toro','76'),('76828','Trujillo','76'),('76834','Tulua','76'),('76845','Ulloa','76'),('76863','Versalles','76'),('76869','Vijes','76'),('76890','Yotoco','76'),('76892','Yumbo','76'),('76895','Zarzal','76'),('8001','Barranquilla','8'),('8078','Baranoa','8'),('81001','Arauca','81'),('81065','Arauquita','81'),('81220','Cravo Norte','81'),('81300','Fortul','81'),('8137','Campo De La Cruz','8'),('8141','Candelaria','8'),('81591','Puerto Rondon','81'),('81736','Saravena','81'),('81794','Tame','81'),('8296','Galapa','8'),('8372','Juan De Acosta','8'),('8421','Luruaco','8'),('8433','Malambo','8'),('8436','Manati','8'),('85001','Yopal','85'),('85010','Aguazul','85'),('85015','Chameza','85'),('85125','Hato Corozal','85'),('85136','La Salina','85'),('85139','Mani','85'),('85162','Monterrey','85'),('8520','Palmar De Varela','8'),('85225','Nunchia','85'),('85230','Orocue','85'),('85250','Paz De Ariporo','85'),('85263','Pore','85'),('85279','Recetor','85'),('85300','Sabanalarga','85'),('85315','Sacama','85'),('85325','San Luis De Palenque','85'),('85400','Tamara','85'),('85410','Tauramena','85'),('85430','Trinidad','85'),('85440','Villanueva','85'),('8549','Piojo','8'),('8558','Polonuevo','8'),('8560','Ponedera','8'),('8573','Puerto Colombia','8'),('86001','Mocoa','86'),('8606','Repelon','8'),('86219','Colon','86'),('86320','Orito','86'),('8634','Sabanagrande','8'),('8638','Sabanalarga','8'),('86568','Puerto Asis','86'),('86569','Puerto Caicedo','86'),('86571','Puerto Guzman','86'),('86573','Leguizamo','86'),('86749','Sibundoy','86'),('8675','Santa Lucia','8'),('86755','San Francisco','86'),('86757','San Miguel','86'),('86760','Santiago','86'),('8685','Santo Tomas','8'),('86865','Valle Del Guamuez','86'),('86885','Villagarzon','86'),('8758','Soledad','8'),('8770','Suan','8'),('88001','San Andres','88'),('8832','Tubara','8'),('8849','Usiacuri','8'),('88564','Providencia','88'),('91001','Leticia','91'),('91263','El Encanto','91'),('91405','La Chorrera','91'),('91407','La Pedrera','91'),('91430','La Victoria','91'),('91460','Miriti - Parana','91'),('91530','Puerto Alegria','91'),('91536','Puerto Arica','91'),('91540','Puerto Nariño','91'),('91669','Puerto Santander','91'),('91798','Tarapaca','91'),('94001','Inirida','94'),('94343','Barranco Minas','94'),('94663','Mapiripana','94'),('94883','San Felipe','94'),('94884','Puerto Colombia','94'),('94885','La Guadalupe','94'),('94886','Cacahual','94'),('94887','Pana Pana','94'),('94888','Morichal','94'),('95001','San Jose Del Guaviare','95'),('95015','Calamar','95'),('95025','El Retorno','95'),('95200','Miraflores','95'),('97001','Mitu','97'),('97161','Caruru','97'),('97511','Pacoa','97'),('97666','Taraira','97'),('97777','Papunaua','97'),('97889','Yavarate','97'),('99001','Puerto Carreño','99'),('99524','La Primavera','99'),('99624','Santa Rosalia','99'),('99773','Cumaribo','99');
/*!40000 ALTER TABLE `users_municipio` ENABLE KEYS */;
UNLOCK TABLES;
/*!40103 SET TIME_ZONE=@OLD_TIME_ZONE */;

/*!40101 SET SQL_MODE=@OLD_SQL_MODE */;
/*!40014 SET FOREIGN_KEY_CHECKS=@OLD_FOREIGN_KEY_CHECKS */;
/*!40014 SET UNIQUE_CHECKS=@OLD_UNIQUE_CHECKS */;
/*!40101 SET CHARACTER_SET_CLIENT=@OLD_CHARACTER_SET_CLIENT */;
/*!40101 SET CHARACTER_SET_RESULTS=@OLD_CHARACTER_SET_RESULTS */;
/*!40101 SET COLLATION_CONNECTION=@OLD_COLLATION_CONNECTION */;
/*!40111 SET SQL_NOTES=@OLD_SQL_NOTES */;

-- Dump completed on 2023-12-07  8:34:18
